title,price,color,color1,color2,color3,size,model,url,extraction_date,extraction_hour,asin2,asin2
The Black Chroma Quencher H2.0 FlowState™ Tumbler | 30 OZ,$119.00,N/A,black,unknown,unknown,30,FlowState,https://www.amazon.ca/Black-Chroma-Quencher-FlowStateTM-Tumbler/dp/B0D37XZ3J3/ref=sr_1_72?crid=WJZ2CGTM4SL&dib=eyJ2IjoiMSJ9.32137uIvhwbnEgWk0dMNjWdV3tEHfAemxFjZCnbnZ3xgVyXg007l6HlqDHxRQUTzbt6U4avJqWWTKVHYKL0AgbbF15eeZ_WiHTkyeiGGx6bdy3fHnyor64LM8CLD206gkv12XkWtYNhiBUaBbNVOxcENUIpVC-6GghXblAlcs-MMCWgKrjfOlGqJ4Lj0Ju4zXukgTohkXNUa3MK7bSudYKg9a3lnWe5O4uHIfvazv3c.hnSJV2QpezQpnOGaZU2s_8bhTfLUI1gqH5zp-BOfmt0&dib_tag=se&keywords=40+oz&qid=1722915806&refinements=p_123%3A315576&rnid=119962390011&s=kitchen&sprefix=40+oz%2Caps%2C121&sr=1-72,2024-08-08,12:26:50,B0D37XZ3J3,B0D37XZ3J3
"Stanley Quencher H2.0 FlowState Stainless Steel Vacuum Insulated Tumbler with Lid and Straw for Water, Iced Tea or Coffee, Smoothie and More, Flint, 40 OZ / 1.18 L",$59.00,N/A,unknown,unknown,unknown,40,FlowState,https://www.amazon.ca/Stanley-Quencher-FlowState-Stainless-Insulated/dp/B0BQZDV8MW/ref=sr_1_88?crid=WJZ2CGTM4SL&dib=eyJ2IjoiMSJ9.EKZqp7aiAzZndLw3gjDEhl-zE2-hB1PCNSAxq2Ouh549eHFkeYwdntMXo_1dLLM5tkExEIxZWCFBK4PrQSHb6Lmk649uCylgPCyikJ72ShDMAw6Oef1N_RJ7bxWeV_3_vm1bcZNUPNmsGIQJbAlahZmWNuC2mG8Re_eOOQcWi7CKWBund0e9AjOM2fk1UwBWtlZM91evgEBdPvv48vV2SlHKvjpvc9430ROSNy3ffts.kfm5GsMwvAPDj1bIrbIFgpnS-WsrOUEqY_fJ-bVCdGo&dib_tag=se&keywords=40+oz&qid=1722915812&refinements=p_123%3A315576&rnid=119962390011&s=kitchen&sprefix=40+oz%2Caps%2C121&sr=1-88,2024-08-08,12:26:58,B0BQZDV8MW,B0BQZDV8MW
STANLEY 40 oz. Quencher H2.0 Valentines Day Tumbler - Cosmo Pink,$126.05,N/A,unknown,unknown,unknown,40,unknown,https://www.amazon.ca/STANLEY-Quencher-H2-0-Valentines-Tumbler/dp/B0CR8PYPZ7/ref=sr_1_48?crid=WJZ2CGTM4SL&dib=eyJ2IjoiMSJ9.xMp5dHsq-xz50rt2bvQ77YS8W0x56ByYku4qEliENElx1h6ceU92ENHHWzhbmE1JZw75nKXtSF3KZR3DlHYazzj6vcEtTNi1AKtCeVUtDCmqu6AmyV1ua4i33-1yYTkXtWJB1zN4TUKC_UHd5kYHCZrAtsxR6pNCek2zWBL0_-6hFP-o0ZCbgnVgkS3kUtg_QncEQSs4jJyWmAKfutGk07132e7M5LVt4kXxqGvwvSk.SrtwqpRm_tzGH_y306yII3l-B50Ac6mNuszuvIS2_d8&dib_tag=se&keywords=40+oz&qid=1722915794&refinements=p_123%3A315576&rnid=119962390011&s=kitchen&sprefix=40+oz%2Caps%2C121&sr=1-48,2024-08-08,12:27:04,B0CR8PYPZ7,B0CR8PYPZ7
"Stanley Quencher H2.0 FlowState Stainless Steel Vacuum Insulated Tumbler with Lid and Straw for Water, Iced Tea or Coffee, Smoothie and More, Electric Pink, 40 OZ",$116.13,N/A,unknown,unknown,unknown,40,FlowState,https://www.amazon.ca/Stanley-Quencher-FlowState-Stainless-Insulated/dp/B0CV6431SY/ref=sr_1_30?crid=WJZ2CGTM4SL&dib=eyJ2IjoiMSJ9.EaB-OzPu3ZXdT5AD4IoiHekSC3X0gj_Nq-MBVAPFeQrd4M4utjAyv1affcL542wblS3-nszesfkgjMgifYDeHsqHgM8kjn8ErEVlqlRCuxU4At4zLTfv1AeranJ6O76Ohuk2yILrRoXmVMg6kRnQTFtpSnhVLeeHnmSrG3iIml_ziWvIGiOCJOLG2gaIDt_8h9rzf8otGkU9FIJZeTvvTtZWhiaHJYfQo_anlf5nGYg.sf2INfUGRi9sGnf93XVgPQohZmFUCHx3dtHRV4t95zI&dib_tag=se&keywords=40+oz&qid=1722915788&refinements=p_123%3A315576&rnid=119962390011&s=kitchen&sprefix=40+oz%2Caps%2C121&sr=1-30,2024-08-08,12:27:10,B0CV6431SY,B0CV6431SY
Stanley Quencher H2.O FlowState™ Tumbler 40 oz Black Gloss Deco,$65.00,N/A,black,unknown,unknown,40,FlowState,https://www.amazon.ca/Stanley-Quencher-FlowStateTM-Tumbler-Black/dp/B0CN1L7ZPV/ref=sr_1_8?crid=WJZ2CGTM4SL&dib=eyJ2IjoiMSJ9.s5yvEujjUNmN94VcUx6nFEwPM2JANMNpWOCOdvmrzzj1wkaPr_rEyUjmkhTx7cKUrtOctByGe80S3QWW0DxhJUDuXyD837W6glKLGinQZ5OQqXBnYh0ISGrVSZ1073QgVmPXIhQnZuj77Lzt2RaUuVs6Nzh9uXluIZNDNnOsfgwlVMTU2r0U2QSJn9Bh2f2hWCHTPVtl6Vu-vx06pW8_CTQipo2K1ogkjnYPGas0M2w.eiZVlvMZdW7X61ibpI1fAbzDU7VDT7MkiJZa7hjm4gg&dib_tag=se&keywords=40+oz&qid=1722915781&refinements=p_123%3A315576&rnid=119962390011&s=kitchen&sprefix=40+oz%2Caps%2C121&sr=1-8,2024-08-08,12:27:16,B0CN1L7ZPV,B0CN1L7ZPV
Stanley Quencher H2.O FlowState™ Tumbler (Box) 40 OZ Matcha Cream,$87.99,N/A,cream,unknown,unknown,40,FlowState,https://www.amazon.ca/Stanley-Quencher-FlowStateTM-Tumbler-Matcha/dp/B0CX794VYP/ref=sr_1_43?crid=WJZ2CGTM4SL&dib=eyJ2IjoiMSJ9.xMp5dHsq-xz50rt2bvQ77YS8W0x56ByYku4qEliENElx1h6ceU92ENHHWzhbmE1JZw75nKXtSF3KZR3DlHYazzj6vcEtTNi1AKtCeVUtDCmqu6AmyV1ua4i33-1yYTkXtWJB1zN4TUKC_UHd5kYHCZrAtsxR6pNCek2zWBL0_-6hFP-o0ZCbgnVgkS3kUtg_QncEQSs4jJyWmAKfutGk07132e7M5LVt4kXxqGvwvSk.SrtwqpRm_tzGH_y306yII3l-B50Ac6mNuszuvIS2_d8&dib_tag=se&keywords=40+oz&qid=1722915794&refinements=p_123%3A315576&rnid=119962390011&s=kitchen&sprefix=40+oz%2Caps%2C121&sr=1-43,2024-08-08,12:27:22,B0CX794VYP,B0CX794VYP
"STANLEY Neon Black 40 oz Tumbler Limited Spring Edition, 041604412981",$118.74,N/A,black,unknown,unknown,40,unknown,https://www.amazon.ca/STANLEY-Tumbler-Limited-Spring-041604412981/dp/B0CXNBLS82/ref=sr_1_39?crid=WJZ2CGTM4SL&dib=eyJ2IjoiMSJ9.xMp5dHsq-xz50rt2bvQ77YS8W0x56ByYku4qEliENElx1h6ceU92ENHHWzhbmE1JZw75nKXtSF3KZR3DlHYazzj6vcEtTNi1AKtCeVUtDCmqu6AmyV1ua4i33-1yYTkXtWJB1zN4TUKC_UHd5kYHCZrAtsxR6pNCek2zWBL0_-6hFP-o0ZCbgnVgkS3kUtg_QncEQSs4jJyWmAKfutGk07132e7M5LVt4kXxqGvwvSk.SrtwqpRm_tzGH_y306yII3l-B50Ac6mNuszuvIS2_d8&dib_tag=se&keywords=40+oz&qid=1722915794&refinements=p_123%3A315576&rnid=119962390011&s=kitchen&sprefix=40+oz%2Caps%2C121&sr=1-39,2024-08-08,12:27:28,B0CXNBLS82,B0CXNBLS82
STANLEY Quencher H2.0 FlowState Tumbler 40oz (Citron),$108.35,N/A,citron,unknown,unknown,40,FlowState,https://www.amazon.ca/Stanley-Quencher-FlowState-Tumbler-Citron/dp/B0BXGBPPQ2/ref=sr_1_76?crid=WJZ2CGTM4SL&dib=eyJ2IjoiMSJ9.32137uIvhwbnEgWk0dMNjWdV3tEHfAemxFjZCnbnZ3xgVyXg007l6HlqDHxRQUTzbt6U4avJqWWTKVHYKL0AgbbF15eeZ_WiHTkyeiGGx6bdy3fHnyor64LM8CLD206gkv12XkWtYNhiBUaBbNVOxcENUIpVC-6GghXblAlcs-MMCWgKrjfOlGqJ4Lj0Ju4zXukgTohkXNUa3MK7bSudYKg9a3lnWe5O4uHIfvazv3c.hnSJV2QpezQpnOGaZU2s_8bhTfLUI1gqH5zp-BOfmt0&dib_tag=se&keywords=40+oz&qid=1722915806&refinements=p_123%3A315576&rnid=119962390011&s=kitchen&sprefix=40+oz%2Caps%2C121&sr=1-76,2024-08-08,12:27:34,B0BXGBPPQ2,B0BXGBPPQ2
"Stanley Quencher H2.0 FlowState Stainless Steel Vacuum Insulated Tumbler with Lid and Straw for Water, Iced Tea or Coffee, Smoothie and More, Neon Orange, 40 OZ",$93.39,N/A,unknown,unknown,unknown,40,FlowState,https://www.amazon.ca/Stanley-Quencher-FlowState-Stainless-Insulated/dp/B0CV62XSDZ/ref=sr_1_64?crid=WJZ2CGTM4SL&dib=eyJ2IjoiMSJ9.80GM8zHlmdS8T-rX_Nsv1r2lT-L3GYyeSUtk_N_wuDf4kvrSoFT1nf3vFLOGwcDeN-3cFqFVqY4umtpfSXzHJ3j-pgr1upzLGgUmfIktjA5m4uzQco4wWSkZcT7F5oseNBxgDXXlROFBJRrF8UCfMplcIsajQcFjzyxPIegwDHzEC1wUC3o61yk7ph-KRMF5SqDyertsK0nC4kdEb6P_-M50ATvdJSh8_bTZmUnfgDY.Yc5u9xbHuHwGtvlgxJUmM9StvY4ZNevPZas1SFBUfCw&dib_tag=se&keywords=40+oz&qid=1722915800&refinements=p_123%3A315576&rnid=119962390011&s=kitchen&sprefix=40+oz%2Caps%2C121&sr=1-64,2024-08-08,12:27:40,B0CV62XSDZ,B0CV62XSDZ
Stanley 40 oz Balsam Glow Limited Edition,$100.00,N/A,unknown,unknown,unknown,40,unknown,https://www.amazon.ca/Stanley-40-Balsam-Glow-Limited/dp/B0CNZJ9Y44/ref=sr_1_38?crid=WJZ2CGTM4SL&dib=eyJ2IjoiMSJ9.xMp5dHsq-xz50rt2bvQ77YS8W0x56ByYku4qEliENElx1h6ceU92ENHHWzhbmE1JZw75nKXtSF3KZR3DlHYazzj6vcEtTNi1AKtCeVUtDCmqu6AmyV1ua4i33-1yYTkXtWJB1zN4TUKC_UHd5kYHCZrAtsxR6pNCek2zWBL0_-6hFP-o0ZCbgnVgkS3kUtg_QncEQSs4jJyWmAKfutGk07132e7M5LVt4kXxqGvwvSk.SrtwqpRm_tzGH_y306yII3l-B50Ac6mNuszuvIS2_d8&dib_tag=se&keywords=40+oz&qid=1722915794&refinements=p_123%3A315576&rnid=119962390011&s=kitchen&sprefix=40+oz%2Caps%2C121&sr=1-38,2024-08-08,12:27:46,B0CNZJ9Y44,B0CNZJ9Y44
Stanley Adventure 40oz Stainless Steel Quencher Tumbler-Brilliant White,$147.01,N/A,unknown,unknown,unknown,40,unknown,https://www.amazon.ca/STANLEY-Adventure-Stainless-Quencher-Tumbler-Brilliant/dp/B0BXKGKXQ6/ref=sr_1_89?crid=WJZ2CGTM4SL&dib=eyJ2IjoiMSJ9.EKZqp7aiAzZndLw3gjDEhl-zE2-hB1PCNSAxq2Ouh549eHFkeYwdntMXo_1dLLM5tkExEIxZWCFBK4PrQSHb6Lmk649uCylgPCyikJ72ShDMAw6Oef1N_RJ7bxWeV_3_vm1bcZNUPNmsGIQJbAlahZmWNuC2mG8Re_eOOQcWi7CKWBund0e9AjOM2fk1UwBWtlZM91evgEBdPvv48vV2SlHKvjpvc9430ROSNy3ffts.kfm5GsMwvAPDj1bIrbIFgpnS-WsrOUEqY_fJ-bVCdGo&dib_tag=se&keywords=40+oz&qid=1722915812&refinements=p_123%3A315576&rnid=119962390011&s=kitchen&sprefix=40+oz%2Caps%2C121&sr=1-89,2024-08-08,12:27:52,B0BXKGKXQ6,B0BXKGKXQ6
"STANLEY The Clean Slate Quencher H2.0 Flowstate Tumbler | 40 OZ - Cool Serene Brushstroke, 10-10824-510",$138.00,N/A,unknown,unknown,unknown,40,FlowState,https://www.amazon.ca/STANLEY-Clean-Quencher-Flowstate-Tumbler/dp/B0CSWV9TY3/ref=sr_1_103?crid=WJZ2CGTM4SL&dib=eyJ2IjoiMSJ9.00cCWaobOv_gROS4-T2UFBQ58ANBwD8d_D-0yb-sGW42Wz8jmzKRhOhs5UB5ZhCgX5vu8v0VMlTv5dxkm2uSq41EdXwu58od-4fNAC1NdMRDf25UctduI34vCRbGhbJw9A6OMub8Yo6oELXHv6nL5RsTSngdc2OqCy5d73HgmE29ty6NSqidcf1yk1cdVVgbgGpEIulZEn1hi_xzwvZMGw07rNN8_TUl-6s10YgCzik.u8iHLwxUnG3DF1B84o801j2hQKiATKGLD0qiEkMhh0U&dib_tag=se&keywords=40+oz&qid=1722915818&refinements=p_123%3A315576&rnid=119962390011&s=kitchen&sprefix=40+oz%2Caps%2C121&sr=1-103,2024-08-08,12:27:57,B0CSWV9TY3,B0CSWV9TY3
"Stanley IceFlow Stainless Steel Water Jug with Straw, Vacuum Insulated Water Bottle for Home and Office, Reusable Tumbler with Straw Leak Resistant Flip, Rose Quartz, 40 OZ / 1.18 L",$78.26,N/A,rose quartz,unknown,unknown,40,unknown,https://www.amazon.ca/Stanley-IceFlowTM-Flip-Straw-Quartz/dp/B0BSLXM9SN/ref=sr_1_92?crid=WJZ2CGTM4SL&dib=eyJ2IjoiMSJ9.EKZqp7aiAzZndLw3gjDEhl-zE2-hB1PCNSAxq2Ouh549eHFkeYwdntMXo_1dLLM5tkExEIxZWCFBK4PrQSHb6Lmk649uCylgPCyikJ72ShDMAw6Oef1N_RJ7bxWeV_3_vm1bcZNUPNmsGIQJbAlahZmWNuC2mG8Re_eOOQcWi7CKWBund0e9AjOM2fk1UwBWtlZM91evgEBdPvv48vV2SlHKvjpvc9430ROSNy3ffts.kfm5GsMwvAPDj1bIrbIFgpnS-WsrOUEqY_fJ-bVCdGo&dib_tag=se&keywords=40+oz&qid=1722915812&refinements=p_123%3A315576&rnid=119962390011&s=kitchen&sprefix=40+oz%2Caps%2C121&sr=1-92,2024-08-08,12:28:03,B0BSLXM9SN,B0BSLXM9SN
"Stanley Quencher H2.0 FlowState Stainless Steel Vacuum Insulated Tumbler with Lid and Straw for Water, Iced Tea or Coffee, Smoothie and More, Neon Green, 40 OZ",$93.39,N/A,unknown,unknown,unknown,40,FlowState,https://www.amazon.ca/Stanley-Quencher-FlowState-Stainless-Insulated/dp/B0CV63RMLV/ref=sr_1_22?crid=WJZ2CGTM4SL&dib=eyJ2IjoiMSJ9.EaB-OzPu3ZXdT5AD4IoiHekSC3X0gj_Nq-MBVAPFeQrd4M4utjAyv1affcL542wblS3-nszesfkgjMgifYDeHsqHgM8kjn8ErEVlqlRCuxU4At4zLTfv1AeranJ6O76Ohuk2yILrRoXmVMg6kRnQTFtpSnhVLeeHnmSrG3iIml_ziWvIGiOCJOLG2gaIDt_8h9rzf8otGkU9FIJZeTvvTtZWhiaHJYfQo_anlf5nGYg.sf2INfUGRi9sGnf93XVgPQohZmFUCHx3dtHRV4t95zI&dib_tag=se&keywords=40+oz&qid=1722915788&refinements=p_123%3A315576&rnid=119962390011&s=kitchen&sprefix=40+oz%2Caps%2C121&sr=1-22,2024-08-08,12:28:09,B0CV63RMLV,B0CV63RMLV
STANLEY Stanley Quencher H2.O FlowStateTM Tumbler 30oz Camelia Limited Edition,$160.00,N/A,unknown,unknown,unknown,30,FlowState,https://www.amazon.ca/Stanley-Quencher-FlowStateTM-Tumbler-Camelia/dp/B0CJPKQS2B/ref=sr_1_121?crid=WJZ2CGTM4SL&dib=eyJ2IjoiMSJ9.H90UGNHKi05D3bKB2TxE0Ye34d6XtZ-kpWlCEx2oZiGQYwQI3pVz0EeJaHUxcEaWxZETWflWUUZLFCeO5f-u1hghHpXzRB93y10VDVoQiHuOmM_eh_cUN5WLpet4XgbnMof_t4pIx7CXENViGWW-Lg.ykTUG_GR6EigGGvTjaVXIx1r7GW61SM16GV6K0lJeLQ&dib_tag=se&keywords=40+oz&qid=1722915824&refinements=p_123%3A315576&rnid=119962390011&s=kitchen&sprefix=40+oz%2Caps%2C121&sr=1-121,2024-08-08,12:28:15,B0CJPKQS2B,B0CJPKQS2B
STANLEY 40 oz. Quencher H2.0 FlowState Tumbler - Warm Serene Brushstrokes,$155.00,N/A,unknown,unknown,unknown,40,FlowState,https://www.amazon.ca/STANLEY-Quencher-H2-0-FlowState-Tumbler/dp/B0CSGK4WYB/ref=sr_1_97?crid=WJZ2CGTM4SL&dib=eyJ2IjoiMSJ9.00cCWaobOv_gROS4-T2UFBQ58ANBwD8d_D-0yb-sGW42Wz8jmzKRhOhs5UB5ZhCgX5vu8v0VMlTv5dxkm2uSq41EdXwu58od-4fNAC1NdMRDf25UctduI34vCRbGhbJw9A6OMub8Yo6oELXHv6nL5RsTSngdc2OqCy5d73HgmE29ty6NSqidcf1yk1cdVVgbgGpEIulZEn1hi_xzwvZMGw07rNN8_TUl-6s10YgCzik.u8iHLwxUnG3DF1B84o801j2hQKiATKGLD0qiEkMhh0U&dib_tag=se&keywords=40+oz&qid=1722915818&refinements=p_123%3A315576&rnid=119962390011&s=kitchen&sprefix=40+oz%2Caps%2C121&sr=1-97,2024-08-08,12:28:21,B0CSGK4WYB,B0CSGK4WYB
Stanley 40oz Adventure Quencher Reusable Insulated Stainless Steel Tumbler (Cloud),$159.88,N/A,unknown,unknown,unknown,40,unknown,https://www.amazon.ca/Stanley-Adventure-Quencher-Insulated-Stainless/dp/B0BGMVYPMM/ref=sr_1_120?crid=WJZ2CGTM4SL&dib=eyJ2IjoiMSJ9.H90UGNHKi05D3bKB2TxE0Ye34d6XtZ-kpWlCEx2oZiGQYwQI3pVz0EeJaHUxcEaWxZETWflWUUZLFCeO5f-u1hghHpXzRB93y10VDVoQiHuOmM_eh_cUN5WLpet4XgbnMof_t4pIx7CXENViGWW-Lg.ykTUG_GR6EigGGvTjaVXIx1r7GW61SM16GV6K0lJeLQ&dib_tag=se&keywords=40+oz&qid=1722915824&refinements=p_123%3A315576&rnid=119962390011&s=kitchen&sprefix=40+oz%2Caps%2C121&sr=1-120,2024-08-08,12:28:26,B0BGMVYPMM,B0BGMVYPMM
Stanley 10-09996-061 The IceFlow Flip Straw Jug Lavender 40OZ/1.18L,$160.00,N/A,unknown,unknown,unknown,40,ICEFLOW FLIP STRAW,https://www.amazon.ca/Stanley-10-09996-061-IceFlow-Straw-Lavender/dp/B0CG9RX31M/ref=sr_1_122?crid=WJZ2CGTM4SL&dib=eyJ2IjoiMSJ9.H90UGNHKi05D3bKB2TxE0Ye34d6XtZ-kpWlCEx2oZiGQYwQI3pVz0EeJaHUxcEaWxZETWflWUUZLFCeO5f-u1hghHpXzRB93y10VDVoQiHuOmM_eh_cUN5WLpet4XgbnMof_t4pIx7CXENViGWW-Lg.ykTUG_GR6EigGGvTjaVXIx1r7GW61SM16GV6K0lJeLQ&dib_tag=se&keywords=40+oz&qid=1722915824&refinements=p_123%3A315576&rnid=119962390011&s=kitchen&sprefix=40+oz%2Caps%2C121&sr=1-122,2024-08-08,12:28:32,B0CG9RX31M,B0CG9RX31M
STANLEY Quencher H2.O FlowStateTM Tumbler 40oz Camelia Limited Edition,$109.40,N/A,unknown,unknown,unknown,40,FlowState,https://www.amazon.ca/Stanley-Quencher-FlowStateTM-Tumbler-Camelia/dp/B0CJPG5865/ref=sr_1_15?crid=WJZ2CGTM4SL&dib=eyJ2IjoiMSJ9.s5yvEujjUNmN94VcUx6nFEwPM2JANMNpWOCOdvmrzzj1wkaPr_rEyUjmkhTx7cKUrtOctByGe80S3QWW0DxhJUDuXyD837W6glKLGinQZ5OQqXBnYh0ISGrVSZ1073QgVmPXIhQnZuj77Lzt2RaUuVs6Nzh9uXluIZNDNnOsfgwlVMTU2r0U2QSJn9Bh2f2hWCHTPVtl6Vu-vx06pW8_CTQipo2K1ogkjnYPGas0M2w.eiZVlvMZdW7X61ibpI1fAbzDU7VDT7MkiJZa7hjm4gg&dib_tag=se&keywords=40+oz&qid=1722915781&refinements=p_123%3A315576&rnid=119962390011&s=kitchen&sprefix=40+oz%2Caps%2C121&sr=1-15,2024-08-08,12:28:38,B0CJPG5865,B0CJPG5865
"Stanley Quencher H2.0 FlowState Stainless Steel Vacuum Insulated Tumbler with Lid and Straw for Water, Iced Tea or Coffee, Smoothie and More, Frost Reverb, 40oz",$26.00,N/A,frost,unknown,unknown,40,FlowState,https://www.amazon.ca/Stanley-Quencher-FlowState-Stainless-Insulated/dp/B0CX77NWJX/ref=sr_1_44?crid=WJZ2CGTM4SL&dib=eyJ2IjoiMSJ9.xMp5dHsq-xz50rt2bvQ77YS8W0x56ByYku4qEliENElx1h6ceU92ENHHWzhbmE1JZw75nKXtSF3KZR3DlHYazzj6vcEtTNi1AKtCeVUtDCmqu6AmyV1ua4i33-1yYTkXtWJB1zN4TUKC_UHd5kYHCZrAtsxR6pNCek2zWBL0_-6hFP-o0ZCbgnVgkS3kUtg_QncEQSs4jJyWmAKfutGk07132e7M5LVt4kXxqGvwvSk.SrtwqpRm_tzGH_y306yII3l-B50Ac6mNuszuvIS2_d8&dib_tag=se&keywords=40+oz&qid=1722915794&refinements=p_123%3A315576&rnid=119962390011&s=kitchen&sprefix=40+oz%2Caps%2C121&sr=1-44,2024-08-08,12:28:44,B0CX77NWJX,B0CX77NWJX
"STANLEY 40 oz. Adventure Quencher Tumbler, Dusk Landscape",$175.93,N/A,unknown,unknown,unknown,40,unknown,https://www.amazon.ca/STANLEY-Adventure-Quencher-Tumbler-Landscape/dp/B0BHDJTZ2N/ref=sr_1_114?crid=WJZ2CGTM4SL&dib=eyJ2IjoiMSJ9.H90UGNHKi05D3bKB2TxE0Ye34d6XtZ-kpWlCEx2oZiGQYwQI3pVz0EeJaHUxcEaWxZETWflWUUZLFCeO5f-u1hghHpXzRB93y10VDVoQiHuOmM_eh_cUN5WLpet4XgbnMof_t4pIx7CXENViGWW-Lg.ykTUG_GR6EigGGvTjaVXIx1r7GW61SM16GV6K0lJeLQ&dib_tag=se&keywords=40+oz&qid=1722915824&refinements=p_123%3A315576&rnid=119962390011&s=kitchen&sprefix=40+oz%2Caps%2C121&sr=1-114,2024-08-08,12:28:50,B0BHDJTZ2N,B0BHDJTZ2N
STANLEY Adventure 40oz Stainless Steel Quencher Tumbler-Frost White,$139.49,N/A,frost,unknown,unknown,40,unknown,https://www.amazon.ca/Adventure-Stainless-Quencher-Tumbler-Frost-Pearlescent/dp/B0BQL456QV/ref=sr_1_116?crid=WJZ2CGTM4SL&dib=eyJ2IjoiMSJ9.H90UGNHKi05D3bKB2TxE0Ye34d6XtZ-kpWlCEx2oZiGQYwQI3pVz0EeJaHUxcEaWxZETWflWUUZLFCeO5f-u1hghHpXzRB93y10VDVoQiHuOmM_eh_cUN5WLpet4XgbnMof_t4pIx7CXENViGWW-Lg.ykTUG_GR6EigGGvTjaVXIx1r7GW61SM16GV6K0lJeLQ&dib_tag=se&keywords=40+oz&qid=1722915824&refinements=p_123%3A315576&rnid=119962390011&s=kitchen&sprefix=40+oz%2Caps%2C121&sr=1-116,2024-08-08,12:28:56,B0BQL456QV,B0BQL456QV
The Quencher H2.0 FlowState Tumbler (Soft Matte) | 40 OZ Bay Leaf,$69.00,N/A,unknown,unknown,unknown,40,FlowState,https://www.amazon.ca/Quencher-H2-0-FlowStateTM-Tumbler-Matte/dp/B0BKR4DNYK/ref=sr_1_52?crid=WJZ2CGTM4SL&dib=eyJ2IjoiMSJ9.80GM8zHlmdS8T-rX_Nsv1r2lT-L3GYyeSUtk_N_wuDf4kvrSoFT1nf3vFLOGwcDeN-3cFqFVqY4umtpfSXzHJ3j-pgr1upzLGgUmfIktjA5m4uzQco4wWSkZcT7F5oseNBxgDXXlROFBJRrF8UCfMplcIsajQcFjzyxPIegwDHzEC1wUC3o61yk7ph-KRMF5SqDyertsK0nC4kdEb6P_-M50ATvdJSh8_bTZmUnfgDY.Yc5u9xbHuHwGtvlgxJUmM9StvY4ZNevPZas1SFBUfCw&dib_tag=se&keywords=40+oz&qid=1722915800&refinements=p_123%3A315576&rnid=119962390011&s=kitchen&sprefix=40+oz%2Caps%2C121&sr=1-52,2024-08-08,12:29:01,B0BKR4DNYK,B0BKR4DNYK
"STANLEY Quencher H2.0 FlowState Stainless Steel Vacuum Insulated Tumbler with Lid and Straw for Water, Iced Tea or Coffee (Twilight Blue, 40 oz)",$163.54,N/A,unknown,unknown,unknown,40,FlowState,https://www.amazon.ca/Quencher-FlowState-Stainless-Insulated-Tumbler/dp/B0CTR4H3RJ/ref=sr_1_119?crid=WJZ2CGTM4SL&dib=eyJ2IjoiMSJ9.H90UGNHKi05D3bKB2TxE0Ye34d6XtZ-kpWlCEx2oZiGQYwQI3pVz0EeJaHUxcEaWxZETWflWUUZLFCeO5f-u1hghHpXzRB93y10VDVoQiHuOmM_eh_cUN5WLpet4XgbnMof_t4pIx7CXENViGWW-Lg.ykTUG_GR6EigGGvTjaVXIx1r7GW61SM16GV6K0lJeLQ&dib_tag=se&keywords=40+oz&qid=1722915824&refinements=p_123%3A315576&rnid=119962390011&s=kitchen&sprefix=40+oz%2Caps%2C121&sr=1-119,2024-08-08,12:29:07,B0CTR4H3RJ,B0CTR4H3RJ
STANLEY 40oz Stainless Steel H2.0 FlowState Quencher Tumbler Watercolor Blue,$155.28,N/A,unknown,unknown,unknown,40,FlowState,https://www.amazon.ca/Stanley-Stainless-FlowState-Tumbler-Watercolor/dp/B0CLNJP7BZ/ref=sr_1_96?crid=WJZ2CGTM4SL&dib=eyJ2IjoiMSJ9.EKZqp7aiAzZndLw3gjDEhl-zE2-hB1PCNSAxq2Ouh549eHFkeYwdntMXo_1dLLM5tkExEIxZWCFBK4PrQSHb6Lmk649uCylgPCyikJ72ShDMAw6Oef1N_RJ7bxWeV_3_vm1bcZNUPNmsGIQJbAlahZmWNuC2mG8Re_eOOQcWi7CKWBund0e9AjOM2fk1UwBWtlZM91evgEBdPvv48vV2SlHKvjpvc9430ROSNy3ffts.kfm5GsMwvAPDj1bIrbIFgpnS-WsrOUEqY_fJ-bVCdGo&dib_tag=se&keywords=40+oz&qid=1722915812&refinements=p_123%3A315576&rnid=119962390011&s=kitchen&sprefix=40+oz%2Caps%2C121&sr=1-96,2024-08-08,12:29:13,B0CLNJP7BZ,B0CLNJP7BZ
STANLEY 40oz Adventure Quencher Reusable Insulated Stainless Steel Tumbler (Orchid),$131.67,N/A,unknown,unknown,unknown,40,unknown,https://www.amazon.ca/Adventure-Quencher-Reusable-Insulated-Stainless/dp/B0BBDWK1K3/ref=sr_1_62?crid=WJZ2CGTM4SL&dib=eyJ2IjoiMSJ9.80GM8zHlmdS8T-rX_Nsv1r2lT-L3GYyeSUtk_N_wuDf4kvrSoFT1nf3vFLOGwcDeN-3cFqFVqY4umtpfSXzHJ3j-pgr1upzLGgUmfIktjA5m4uzQco4wWSkZcT7F5oseNBxgDXXlROFBJRrF8UCfMplcIsajQcFjzyxPIegwDHzEC1wUC3o61yk7ph-KRMF5SqDyertsK0nC4kdEb6P_-M50ATvdJSh8_bTZmUnfgDY.Yc5u9xbHuHwGtvlgxJUmM9StvY4ZNevPZas1SFBUfCw&dib_tag=se&keywords=40+oz&qid=1722915800&refinements=p_123%3A315576&rnid=119962390011&s=kitchen&sprefix=40+oz%2Caps%2C121&sr=1-62,2024-08-08,12:29:19,B0BBDWK1K3,B0BBDWK1K3
"STANLEY Quencher H2.0 FlowState Stainless Steel Vacuum Insulated Tumbler with Lid and Straw for Water, Iced Tea or Coffee (Summer Plaid, 40 oz)",$48.99,N/A,unknown,unknown,unknown,40,FlowState,https://www.amazon.ca/Quencher-FlowState-Stainless-Insulated-Tumbler/dp/B0CYXKVXNN/ref=sr_1_71?crid=WJZ2CGTM4SL&dib=eyJ2IjoiMSJ9.32137uIvhwbnEgWk0dMNjWdV3tEHfAemxFjZCnbnZ3xgVyXg007l6HlqDHxRQUTzbt6U4avJqWWTKVHYKL0AgbbF15eeZ_WiHTkyeiGGx6bdy3fHnyor64LM8CLD206gkv12XkWtYNhiBUaBbNVOxcENUIpVC-6GghXblAlcs-MMCWgKrjfOlGqJ4Lj0Ju4zXukgTohkXNUa3MK7bSudYKg9a3lnWe5O4uHIfvazv3c.hnSJV2QpezQpnOGaZU2s_8bhTfLUI1gqH5zp-BOfmt0&dib_tag=se&keywords=40+oz&qid=1722915806&refinements=p_123%3A315576&rnid=119962390011&s=kitchen&sprefix=40+oz%2Caps%2C121&sr=1-71,2024-08-08,12:29:24,B0CYXKVXNN,B0CYXKVXNN
"Stanley IceFlow Stainless Steel Water Jug with Straw, Vacuum Insulated Water Bottle for Home and Office, Reusable Tumbler with Straw Leak Resistant Flip, Charcoal, 40 OZ / 1.18 L",$71.62,N/A,charcoal,unknown,unknown,40,unknown,https://www.amazon.ca/Stanley-IceFlowTM-Flip-Straw-Charcoal/dp/B0BSRFNJZ3/ref=sr_1_81?crid=WJZ2CGTM4SL&dib=eyJ2IjoiMSJ9.EKZqp7aiAzZndLw3gjDEhl-zE2-hB1PCNSAxq2Ouh549eHFkeYwdntMXo_1dLLM5tkExEIxZWCFBK4PrQSHb6Lmk649uCylgPCyikJ72ShDMAw6Oef1N_RJ7bxWeV_3_vm1bcZNUPNmsGIQJbAlahZmWNuC2mG8Re_eOOQcWi7CKWBund0e9AjOM2fk1UwBWtlZM91evgEBdPvv48vV2SlHKvjpvc9430ROSNy3ffts.kfm5GsMwvAPDj1bIrbIFgpnS-WsrOUEqY_fJ-bVCdGo&dib_tag=se&keywords=40+oz&qid=1722915812&refinements=p_123%3A315576&rnid=119962390011&s=kitchen&sprefix=40+oz%2Caps%2C121&sr=1-81,2024-08-08,12:29:30,B0BSRFNJZ3,B0BSRFNJZ3
"Stanley Quencher H2.0 FlowState Stainless Steel Vacuum Insulated Tumbler with Lid and Straw for Water, Iced Tea or Coffee, Smoothie and More, Bright Lime, 40 oz",$110.01,N/A,unknown,unknown,unknown,40,FlowState,https://www.amazon.ca/Stanley-Quencher-FlowStateTM-Tumbler-Bright/dp/B0D2Z2WZ4J/ref=sr_1_50?crid=WJZ2CGTM4SL&dib=eyJ2IjoiMSJ9.80GM8zHlmdS8T-rX_Nsv1r2lT-L3GYyeSUtk_N_wuDf4kvrSoFT1nf3vFLOGwcDeN-3cFqFVqY4umtpfSXzHJ3j-pgr1upzLGgUmfIktjA5m4uzQco4wWSkZcT7F5oseNBxgDXXlROFBJRrF8UCfMplcIsajQcFjzyxPIegwDHzEC1wUC3o61yk7ph-KRMF5SqDyertsK0nC4kdEb6P_-M50ATvdJSh8_bTZmUnfgDY.Yc5u9xbHuHwGtvlgxJUmM9StvY4ZNevPZas1SFBUfCw&dib_tag=se&keywords=40+oz&qid=1722915800&refinements=p_123%3A315576&rnid=119962390011&s=kitchen&sprefix=40+oz%2Caps%2C121&sr=1-50,2024-08-08,12:29:36,B0D2Z2WZ4J,B0D2Z2WZ4J
"STANLEY Quencher H2.0 FlowState Stainless Steel Vacuum Insulated Tumbler with Lid and Straw for Water, Iced Tea or Coffee (PIne, 40 oz)",$112.92,unknown,unknown,unknown,unknown,40,FlowState,https://www.amazon.ca/Quencher-FlowState-Stainless-Insulated-Tumbler/dp/B0CTR4BQY3/ref=sr_1_27?crid=WJZ2CGTM4SL&dib=eyJ2IjoiMSJ9.EaB-OzPu3ZXdT5AD4IoiHekSC3X0gj_Nq-MBVAPFeQrd4M4utjAyv1affcL542wblS3-nszesfkgjMgifYDeHsqHgM8kjn8ErEVlqlRCuxU4At4zLTfv1AeranJ6O76Ohuk2yILrRoXmVMg6kRnQTFtpSnhVLeeHnmSrG3iIml_ziWvIGiOCJOLG2gaIDt_8h9rzf8otGkU9FIJZeTvvTtZWhiaHJYfQo_anlf5nGYg.sf2INfUGRi9sGnf93XVgPQohZmFUCHx3dtHRV4t95zI&dib_tag=se&keywords=40+oz&qid=1722915788&refinements=p_123%3A315576&rnid=119962390011&s=kitchen&sprefix=40+oz%2Caps%2C121&sr=1-27,2024-08-08,12:29:42,B0CTR4BQY3,B0CTR4BQY3
STANLEY 40 oz. Quencher H2.0 FlowState Tumbler - Twilight Gradient,$120.50,N/A,unknown,unknown,unknown,40,FlowState,https://www.amazon.ca/STANLEY-Quencher-H2-0-FlowState-Tumbler/dp/B0CLRFSMD5/ref=sr_1_98?crid=WJZ2CGTM4SL&dib=eyJ2IjoiMSJ9.00cCWaobOv_gROS4-T2UFBQ58ANBwD8d_D-0yb-sGW42Wz8jmzKRhOhs5UB5ZhCgX5vu8v0VMlTv5dxkm2uSq41EdXwu58od-4fNAC1NdMRDf25UctduI34vCRbGhbJw9A6OMub8Yo6oELXHv6nL5RsTSngdc2OqCy5d73HgmE29ty6NSqidcf1yk1cdVVgbgGpEIulZEn1hi_xzwvZMGw07rNN8_TUl-6s10YgCzik.u8iHLwxUnG3DF1B84o801j2hQKiATKGLD0qiEkMhh0U&dib_tag=se&keywords=40+oz&qid=1722915818&refinements=p_123%3A315576&rnid=119962390011&s=kitchen&sprefix=40+oz%2Caps%2C121&sr=1-98,2024-08-08,12:29:47,B0CLRFSMD5,B0CLRFSMD5
STANLEY QUENCHER TUMBLER H20 FLOWSTATE ROSE QUARTZ SWIRL 40OZ,$129.00,N/A,rose quartz,unknown,unknown,40,FlowState,https://www.amazon.ca/STANLEY-QUENCHER-TUMBLER-FLOWSTATE-QUARTZ/dp/B0CNWPB1LS/ref=sr_1_86?crid=WJZ2CGTM4SL&dib=eyJ2IjoiMSJ9.EKZqp7aiAzZndLw3gjDEhl-zE2-hB1PCNSAxq2Ouh549eHFkeYwdntMXo_1dLLM5tkExEIxZWCFBK4PrQSHb6Lmk649uCylgPCyikJ72ShDMAw6Oef1N_RJ7bxWeV_3_vm1bcZNUPNmsGIQJbAlahZmWNuC2mG8Re_eOOQcWi7CKWBund0e9AjOM2fk1UwBWtlZM91evgEBdPvv48vV2SlHKvjpvc9430ROSNy3ffts.kfm5GsMwvAPDj1bIrbIFgpnS-WsrOUEqY_fJ-bVCdGo&dib_tag=se&keywords=40+oz&qid=1722915812&refinements=p_123%3A315576&rnid=119962390011&s=kitchen&sprefix=40+oz%2Caps%2C121&sr=1-86,2024-08-08,12:29:53,B0CNWPB1LS,B0CNWPB1LS
Stanlely Quencher H2.O FlowState™ Tumbler 40oz Frost & Quencher H2.O FlowState Tumbler 40 OZ Black 2.0,$118.00,N/A,black,unknown,unknown,40,FlowState,https://www.amazon.ca/Stanlely-Quencher-FlowStateTM-Tumbler-FlowState/dp/B0D3WTZ19H/ref=sr_1_74?crid=WJZ2CGTM4SL&dib=eyJ2IjoiMSJ9.32137uIvhwbnEgWk0dMNjWdV3tEHfAemxFjZCnbnZ3xgVyXg007l6HlqDHxRQUTzbt6U4avJqWWTKVHYKL0AgbbF15eeZ_WiHTkyeiGGx6bdy3fHnyor64LM8CLD206gkv12XkWtYNhiBUaBbNVOxcENUIpVC-6GghXblAlcs-MMCWgKrjfOlGqJ4Lj0Ju4zXukgTohkXNUa3MK7bSudYKg9a3lnWe5O4uHIfvazv3c.hnSJV2QpezQpnOGaZU2s_8bhTfLUI1gqH5zp-BOfmt0&dib_tag=se&keywords=40+oz&qid=1722915806&refinements=p_123%3A315576&rnid=119962390011&s=kitchen&sprefix=40+oz%2Caps%2C121&sr=1-74,2024-08-08,12:29:59,B0D3WTZ19H,B0D3WTZ19H
STANLEY 40 oz Stainless Steel H2.0 Flowstate Quencher Tumbler - Tulle - Target Exclusive,$183.61,N/A,unknown,unknown,unknown,40,FlowState,https://www.amazon.ca/STANLEY-Stainless-Flowstate-Quencher-Tumbler/dp/B0CQHG6FYD/ref=sr_1_85?crid=WJZ2CGTM4SL&dib=eyJ2IjoiMSJ9.EKZqp7aiAzZndLw3gjDEhl-zE2-hB1PCNSAxq2Ouh549eHFkeYwdntMXo_1dLLM5tkExEIxZWCFBK4PrQSHb6Lmk649uCylgPCyikJ72ShDMAw6Oef1N_RJ7bxWeV_3_vm1bcZNUPNmsGIQJbAlahZmWNuC2mG8Re_eOOQcWi7CKWBund0e9AjOM2fk1UwBWtlZM91evgEBdPvv48vV2SlHKvjpvc9430ROSNy3ffts.kfm5GsMwvAPDj1bIrbIFgpnS-WsrOUEqY_fJ-bVCdGo&dib_tag=se&keywords=40+oz&qid=1722915812&refinements=p_123%3A315576&rnid=119962390011&s=kitchen&sprefix=40+oz%2Caps%2C121&sr=1-85,2024-08-08,12:30:04,B0CQHG6FYD,B0CQHG6FYD
Stanley 40 oz Stainless Steel H2.0 Flowstate Quencher Tumbler (Pale Lime),$93.91,N/A,unknown,unknown,unknown,40,FlowState,https://www.amazon.ca/Stanley-Stainless-Flowstate-Quencher-Tumbler/dp/B0CQQTQCYY/ref=sr_1_56?crid=WJZ2CGTM4SL&dib=eyJ2IjoiMSJ9.80GM8zHlmdS8T-rX_Nsv1r2lT-L3GYyeSUtk_N_wuDf4kvrSoFT1nf3vFLOGwcDeN-3cFqFVqY4umtpfSXzHJ3j-pgr1upzLGgUmfIktjA5m4uzQco4wWSkZcT7F5oseNBxgDXXlROFBJRrF8UCfMplcIsajQcFjzyxPIegwDHzEC1wUC3o61yk7ph-KRMF5SqDyertsK0nC4kdEb6P_-M50ATvdJSh8_bTZmUnfgDY.Yc5u9xbHuHwGtvlgxJUmM9StvY4ZNevPZas1SFBUfCw&dib_tag=se&keywords=40+oz&qid=1722915800&refinements=p_123%3A315576&rnid=119962390011&s=kitchen&sprefix=40+oz%2Caps%2C121&sr=1-56,2024-08-08,12:30:10,B0CQQTQCYY,B0CQQTQCYY
Stanley Adventure Quencher H2.0 Flowstate 40 oz Tumbler - Camelia Pink Gradient,$121.10,N/A,unknown,unknown,unknown,40,FlowState,https://www.amazon.ca/Stanley-Adventure-Quencher-Flowstate-Tumbler/dp/B0CJMY6LK9/ref=sr_1_59?crid=WJZ2CGTM4SL&dib=eyJ2IjoiMSJ9.80GM8zHlmdS8T-rX_Nsv1r2lT-L3GYyeSUtk_N_wuDf4kvrSoFT1nf3vFLOGwcDeN-3cFqFVqY4umtpfSXzHJ3j-pgr1upzLGgUmfIktjA5m4uzQco4wWSkZcT7F5oseNBxgDXXlROFBJRrF8UCfMplcIsajQcFjzyxPIegwDHzEC1wUC3o61yk7ph-KRMF5SqDyertsK0nC4kdEb6P_-M50ATvdJSh8_bTZmUnfgDY.Yc5u9xbHuHwGtvlgxJUmM9StvY4ZNevPZas1SFBUfCw&dib_tag=se&keywords=40+oz&qid=1722915800&refinements=p_123%3A315576&rnid=119962390011&s=kitchen&sprefix=40+oz%2Caps%2C121&sr=1-59,2024-08-08,12:30:16,B0CJMY6LK9,B0CJMY6LK9
Stanley 40 oz Stainless Steel H2.0 FlowState Quencher Tumbler,$102.65,N/A,unknown,unknown,unknown,40,FlowState,https://www.amazon.ca/Stanley-Stainless-FlowState-Quencher-Tumbler/dp/B0CN8J3WP5/ref=sr_1_108?crid=WJZ2CGTM4SL&dib=eyJ2IjoiMSJ9.00cCWaobOv_gROS4-T2UFBQ58ANBwD8d_D-0yb-sGW42Wz8jmzKRhOhs5UB5ZhCgX5vu8v0VMlTv5dxkm2uSq41EdXwu58od-4fNAC1NdMRDf25UctduI34vCRbGhbJw9A6OMub8Yo6oELXHv6nL5RsTSngdc2OqCy5d73HgmE29ty6NSqidcf1yk1cdVVgbgGpEIulZEn1hi_xzwvZMGw07rNN8_TUl-6s10YgCzik.u8iHLwxUnG3DF1B84o801j2hQKiATKGLD0qiEkMhh0U&dib_tag=se&keywords=40+oz&qid=1722915818&refinements=p_123%3A315576&rnid=119962390011&s=kitchen&sprefix=40+oz%2Caps%2C121&sr=1-108,2024-08-08,12:30:22,B0CN8J3WP5,B0CN8J3WP5
"Stanley The Chocolate Gold Exclusive Quencher H2.0 Flowstate™ Tumbler | 40 oz Limited Edition, Brown, 10-10824-586",$239.99,N/A,unknown,unknown,unknown,40,FlowState,https://www.amazon.ca/Stanley-Chocolate-Exclusive-FlowstateTM-10-10824-586/dp/B0CWTSTJQ1/ref=sr_1_60?crid=WJZ2CGTM4SL&dib=eyJ2IjoiMSJ9.80GM8zHlmdS8T-rX_Nsv1r2lT-L3GYyeSUtk_N_wuDf4kvrSoFT1nf3vFLOGwcDeN-3cFqFVqY4umtpfSXzHJ3j-pgr1upzLGgUmfIktjA5m4uzQco4wWSkZcT7F5oseNBxgDXXlROFBJRrF8UCfMplcIsajQcFjzyxPIegwDHzEC1wUC3o61yk7ph-KRMF5SqDyertsK0nC4kdEb6P_-M50ATvdJSh8_bTZmUnfgDY.Yc5u9xbHuHwGtvlgxJUmM9StvY4ZNevPZas1SFBUfCw&dib_tag=se&keywords=40+oz&qid=1722915800&refinements=p_123%3A315576&rnid=119962390011&s=kitchen&sprefix=40+oz%2Caps%2C121&sr=1-60,2024-08-08,12:30:28,B0CWTSTJQ1,B0CWTSTJQ1
"Stanley Quencher H2.0 Soft Matte Collection, Stainless Steel Vacuum Insulated Tumbler with Lid and Straw for Iced and Cold Beverages, Shale Soft Matte, 40 OZ / 1.18 L",$65.00,unknown,unknown,unknown,unknown,40,unknown,https://www.amazon.ca/Stanley-Collection-Stainless-Insulated-Beverages/dp/B0BVMZNZPN/ref=sr_1_2?crid=WJZ2CGTM4SL&dib=eyJ2IjoiMSJ9.s5yvEujjUNmN94VcUx6nFEwPM2JANMNpWOCOdvmrzzj1wkaPr_rEyUjmkhTx7cKUrtOctByGe80S3QWW0DxhJUDuXyD837W6glKLGinQZ5OQqXBnYh0ISGrVSZ1073QgVmPXIhQnZuj77Lzt2RaUuVs6Nzh9uXluIZNDNnOsfgwlVMTU2r0U2QSJn9Bh2f2hWCHTPVtl6Vu-vx06pW8_CTQipo2K1ogkjnYPGas0M2w.eiZVlvMZdW7X61ibpI1fAbzDU7VDT7MkiJZa7hjm4gg&dib_tag=se&keywords=40+oz&qid=1722915781&refinements=p_123%3A315576&rnid=119962390011&s=kitchen&sprefix=40+oz%2Caps%2C121&sr=1-2,2024-08-08,12:30:34,B0BVMZNZPN,B0BVMZNZPN
Stanley Quencher H2.O FlowState™ Tumbler 40 OZ Seafoam,$146.17,N/A,unknown,unknown,unknown,40,FlowState,https://www.amazon.ca/Stanley-Quencher-FlowStateTM-Tumbler-Seafoam/dp/B0CV4JV93G/ref=sr_1_109?crid=WJZ2CGTM4SL&dib=eyJ2IjoiMSJ9.00cCWaobOv_gROS4-T2UFBQ58ANBwD8d_D-0yb-sGW42Wz8jmzKRhOhs5UB5ZhCgX5vu8v0VMlTv5dxkm2uSq41EdXwu58od-4fNAC1NdMRDf25UctduI34vCRbGhbJw9A6OMub8Yo6oELXHv6nL5RsTSngdc2OqCy5d73HgmE29ty6NSqidcf1yk1cdVVgbgGpEIulZEn1hi_xzwvZMGw07rNN8_TUl-6s10YgCzik.u8iHLwxUnG3DF1B84o801j2hQKiATKGLD0qiEkMhh0U&dib_tag=se&keywords=40+oz&qid=1722915818&refinements=p_123%3A315576&rnid=119962390011&s=kitchen&sprefix=40+oz%2Caps%2C121&sr=1-109,2024-08-08,12:30:40,B0CV4JV93G,B0CV4JV93G
Stanley Quencher H2.O FlowState™ Tumbler 40 OZ Indigo,$146.35,N/A,unknown,unknown,unknown,40,FlowState,https://www.amazon.ca/Stanley-Quencher-FlowStateTM-Tumbler-Indigo/dp/B0CV4LNPFX/ref=sr_1_83?crid=WJZ2CGTM4SL&dib=eyJ2IjoiMSJ9.EKZqp7aiAzZndLw3gjDEhl-zE2-hB1PCNSAxq2Ouh549eHFkeYwdntMXo_1dLLM5tkExEIxZWCFBK4PrQSHb6Lmk649uCylgPCyikJ72ShDMAw6Oef1N_RJ7bxWeV_3_vm1bcZNUPNmsGIQJbAlahZmWNuC2mG8Re_eOOQcWi7CKWBund0e9AjOM2fk1UwBWtlZM91evgEBdPvv48vV2SlHKvjpvc9430ROSNy3ffts.kfm5GsMwvAPDj1bIrbIFgpnS-WsrOUEqY_fJ-bVCdGo&dib_tag=se&keywords=40+oz&qid=1722915812&refinements=p_123%3A315576&rnid=119962390011&s=kitchen&sprefix=40+oz%2Caps%2C121&sr=1-83,2024-08-08,12:30:46,B0CV4LNPFX,B0CV4LNPFX
Stanley Adventure Quencher Travel Tumbler 40 oz - Cintron Tie Dye,$118.28,N/A,unknown,unknown,unknown,40,unknown,https://www.amazon.ca/STANLEY-Adventure-Quencher-Travel-Tumbler/dp/B0BXBLZMR2/ref=sr_1_55?crid=WJZ2CGTM4SL&dib=eyJ2IjoiMSJ9.80GM8zHlmdS8T-rX_Nsv1r2lT-L3GYyeSUtk_N_wuDf4kvrSoFT1nf3vFLOGwcDeN-3cFqFVqY4umtpfSXzHJ3j-pgr1upzLGgUmfIktjA5m4uzQco4wWSkZcT7F5oseNBxgDXXlROFBJRrF8UCfMplcIsajQcFjzyxPIegwDHzEC1wUC3o61yk7ph-KRMF5SqDyertsK0nC4kdEb6P_-M50ATvdJSh8_bTZmUnfgDY.Yc5u9xbHuHwGtvlgxJUmM9StvY4ZNevPZas1SFBUfCw&dib_tag=se&keywords=40+oz&qid=1722915800&refinements=p_123%3A315576&rnid=119962390011&s=kitchen&sprefix=40+oz%2Caps%2C121&sr=1-55,2024-08-08,12:30:51,B0BXBLZMR2,B0BXBLZMR2
STANLEY Quencher H2.0 FlowState Tumbler 40oz (Yarrow),$121.38,N/A,unknown,unknown,unknown,40,FlowState,https://www.amazon.ca/STANLEY-Quencher-FlowState-Tumbler-Yarrow/dp/B0BD7DFX3Y/ref=sr_1_91?crid=WJZ2CGTM4SL&dib=eyJ2IjoiMSJ9.EKZqp7aiAzZndLw3gjDEhl-zE2-hB1PCNSAxq2Ouh549eHFkeYwdntMXo_1dLLM5tkExEIxZWCFBK4PrQSHb6Lmk649uCylgPCyikJ72ShDMAw6Oef1N_RJ7bxWeV_3_vm1bcZNUPNmsGIQJbAlahZmWNuC2mG8Re_eOOQcWi7CKWBund0e9AjOM2fk1UwBWtlZM91evgEBdPvv48vV2SlHKvjpvc9430ROSNy3ffts.kfm5GsMwvAPDj1bIrbIFgpnS-WsrOUEqY_fJ-bVCdGo&dib_tag=se&keywords=40+oz&qid=1722915812&refinements=p_123%3A315576&rnid=119962390011&s=kitchen&sprefix=40+oz%2Caps%2C121&sr=1-91,2024-08-08,12:30:57,B0BD7DFX3Y,B0BD7DFX3Y
Stanley 40 oz Stainless Steel H2.0 Flowstate Quencher Tumbler - Hearth & Hand™ with Magnolia (Best Beige),$102.65,N/A,unknown,unknown,unknown,40,FlowState,https://www.amazon.ca/Stanley-Stainless-Flowstate-Quencher-Tumbler/dp/B0CQYCQWBW/ref=sr_1_94?crid=WJZ2CGTM4SL&dib=eyJ2IjoiMSJ9.EKZqp7aiAzZndLw3gjDEhl-zE2-hB1PCNSAxq2Ouh549eHFkeYwdntMXo_1dLLM5tkExEIxZWCFBK4PrQSHb6Lmk649uCylgPCyikJ72ShDMAw6Oef1N_RJ7bxWeV_3_vm1bcZNUPNmsGIQJbAlahZmWNuC2mG8Re_eOOQcWi7CKWBund0e9AjOM2fk1UwBWtlZM91evgEBdPvv48vV2SlHKvjpvc9430ROSNy3ffts.kfm5GsMwvAPDj1bIrbIFgpnS-WsrOUEqY_fJ-bVCdGo&dib_tag=se&keywords=40+oz&qid=1722915812&refinements=p_123%3A315576&rnid=119962390011&s=kitchen&sprefix=40+oz%2Caps%2C121&sr=1-94,2024-08-08,12:31:03,B0CQYCQWBW,B0CQYCQWBW
STANLEY Stanley 40 oz Stainless Steel H2.0 Flowstate Quencher Tumbler - Hearth & Hand with Magnolia Restful Green,$109.46,N/A,unknown,unknown,unknown,40,FlowState,https://www.amazon.ca/STANLEY-Stanley-Stainless-Flowstate-Quencher/dp/B0CQVW7KQ2/ref=sr_1_25?crid=WJZ2CGTM4SL&dib=eyJ2IjoiMSJ9.EaB-OzPu3ZXdT5AD4IoiHekSC3X0gj_Nq-MBVAPFeQrd4M4utjAyv1affcL542wblS3-nszesfkgjMgifYDeHsqHgM8kjn8ErEVlqlRCuxU4At4zLTfv1AeranJ6O76Ohuk2yILrRoXmVMg6kRnQTFtpSnhVLeeHnmSrG3iIml_ziWvIGiOCJOLG2gaIDt_8h9rzf8otGkU9FIJZeTvvTtZWhiaHJYfQo_anlf5nGYg.sf2INfUGRi9sGnf93XVgPQohZmFUCHx3dtHRV4t95zI&dib_tag=se&keywords=40+oz&qid=1722915788&refinements=p_123%3A315576&rnid=119962390011&s=kitchen&sprefix=40+oz%2Caps%2C121&sr=1-25,2024-08-08,12:31:09,B0CQVW7KQ2,B0CQVW7KQ2
STANLEY 40 oz. Quencher H2.0 FlowState Tumbler - Arctic Twist Limited Edition,$109.36,N/A,unknown,unknown,unknown,40,FlowState,https://www.amazon.ca/STANLEY-Quencher-H2-0-FlowState-Tumbler/dp/B0CRX4RR9K/ref=sr_1_6?crid=WJZ2CGTM4SL&dib=eyJ2IjoiMSJ9.s5yvEujjUNmN94VcUx6nFEwPM2JANMNpWOCOdvmrzzj1wkaPr_rEyUjmkhTx7cKUrtOctByGe80S3QWW0DxhJUDuXyD837W6glKLGinQZ5OQqXBnYh0ISGrVSZ1073QgVmPXIhQnZuj77Lzt2RaUuVs6Nzh9uXluIZNDNnOsfgwlVMTU2r0U2QSJn9Bh2f2hWCHTPVtl6Vu-vx06pW8_CTQipo2K1ogkjnYPGas0M2w.eiZVlvMZdW7X61ibpI1fAbzDU7VDT7MkiJZa7hjm4gg&dib_tag=se&keywords=40+oz&qid=1722915781&refinements=p_123%3A315576&rnid=119962390011&s=kitchen&sprefix=40+oz%2Caps%2C121&sr=1-6,2024-08-08,12:31:15,B0CRX4RR9K,B0CRX4RR9K
Stanley Adventure Quencher Travel Tumbler 40 oz Pack of 1 Cream Color,$97.97,N/A,cream,unknown,unknown,40,unknown,https://www.amazon.ca/Stanley-Cream-Tumbler-1-EA/dp/B0964PF6JY/ref=sr_1_19?crid=WJZ2CGTM4SL&dib=eyJ2IjoiMSJ9.EaB-OzPu3ZXdT5AD4IoiHekSC3X0gj_Nq-MBVAPFeQrd4M4utjAyv1affcL542wblS3-nszesfkgjMgifYDeHsqHgM8kjn8ErEVlqlRCuxU4At4zLTfv1AeranJ6O76Ohuk2yILrRoXmVMg6kRnQTFtpSnhVLeeHnmSrG3iIml_ziWvIGiOCJOLG2gaIDt_8h9rzf8otGkU9FIJZeTvvTtZWhiaHJYfQo_anlf5nGYg.sf2INfUGRi9sGnf93XVgPQohZmFUCHx3dtHRV4t95zI&dib_tag=se&keywords=40+oz&qid=1722915788&refinements=p_123%3A315576&rnid=119962390011&s=kitchen&sprefix=40+oz%2Caps%2C121&sr=1-19,2024-08-08,12:31:21,B0964PF6JY,B0964PF6JY
"STANLEY Quencher H2.0 FlowState Stainless Steel Vacuum Insulated Tumbler with Lid and Straw for Water, Iced Tea or Coffee (White, 40 oz)",$116.83,N/A,unknown,unknown,unknown,40,FlowState,https://www.amazon.ca/Quencher-FlowState-Stainless-Insulated-Tumbler/dp/B0CTVLH89B/ref=sr_1_82?crid=WJZ2CGTM4SL&dib=eyJ2IjoiMSJ9.EKZqp7aiAzZndLw3gjDEhl-zE2-hB1PCNSAxq2Ouh549eHFkeYwdntMXo_1dLLM5tkExEIxZWCFBK4PrQSHb6Lmk649uCylgPCyikJ72ShDMAw6Oef1N_RJ7bxWeV_3_vm1bcZNUPNmsGIQJbAlahZmWNuC2mG8Re_eOOQcWi7CKWBund0e9AjOM2fk1UwBWtlZM91evgEBdPvv48vV2SlHKvjpvc9430ROSNy3ffts.kfm5GsMwvAPDj1bIrbIFgpnS-WsrOUEqY_fJ-bVCdGo&dib_tag=se&keywords=40+oz&qid=1722915812&refinements=p_123%3A315576&rnid=119962390011&s=kitchen&sprefix=40+oz%2Caps%2C121&sr=1-82,2024-08-08,12:31:27,B0CTVLH89B,B0CTVLH89B
Stanley The Quencher H2.0 FlowState Tumbler | 40 OZ Rose Quartz (10-10824-003),$80.00,N/A,rose quartz,unknown,unknown,40,FlowState,https://www.amazon.ca/Stanley-Quencher-FlowState-Tumbler-10-10824-003/dp/B0BD6XRYK8/ref=sr_1_4?crid=WJZ2CGTM4SL&dib=eyJ2IjoiMSJ9.s5yvEujjUNmN94VcUx6nFEwPM2JANMNpWOCOdvmrzzj1wkaPr_rEyUjmkhTx7cKUrtOctByGe80S3QWW0DxhJUDuXyD837W6glKLGinQZ5OQqXBnYh0ISGrVSZ1073QgVmPXIhQnZuj77Lzt2RaUuVs6Nzh9uXluIZNDNnOsfgwlVMTU2r0U2QSJn9Bh2f2hWCHTPVtl6Vu-vx06pW8_CTQipo2K1ogkjnYPGas0M2w.eiZVlvMZdW7X61ibpI1fAbzDU7VDT7MkiJZa7hjm4gg&dib_tag=se&keywords=40+oz&qid=1722915781&refinements=p_123%3A315576&rnid=119962390011&s=kitchen&sprefix=40+oz%2Caps%2C121&sr=1-4,2024-08-08,12:31:33,B0BD6XRYK8,B0BD6XRYK8
Stanley Quencher H2.O FlowStateTM 40 oz Stainless Steel Tumbler in Forrest Gloss Deco,$65.00,N/A,unknown,unknown,unknown,40,FlowState,https://www.amazon.ca/Stanley-Quencher-FlowStateTM-Tumbler-Forrest/dp/B0CN1MVGWK/ref=sr_1_13?crid=WJZ2CGTM4SL&dib=eyJ2IjoiMSJ9.s5yvEujjUNmN94VcUx6nFEwPM2JANMNpWOCOdvmrzzj1wkaPr_rEyUjmkhTx7cKUrtOctByGe80S3QWW0DxhJUDuXyD837W6glKLGinQZ5OQqXBnYh0ISGrVSZ1073QgVmPXIhQnZuj77Lzt2RaUuVs6Nzh9uXluIZNDNnOsfgwlVMTU2r0U2QSJn9Bh2f2hWCHTPVtl6Vu-vx06pW8_CTQipo2K1ogkjnYPGas0M2w.eiZVlvMZdW7X61ibpI1fAbzDU7VDT7MkiJZa7hjm4gg&dib_tag=se&keywords=40+oz&qid=1722915781&refinements=p_123%3A315576&rnid=119962390011&s=kitchen&sprefix=40+oz%2Caps%2C121&sr=1-13,2024-08-08,12:31:39,B0CN1MVGWK,B0CN1MVGWK
Stanley Adventure 40oz Stainless Steel Quencher Tumbler-Midnight Pearlescent,$190.33,N/A,unknown,unknown,unknown,40,unknown,https://www.amazon.ca/Stanley-Adventure-Stainless-Tumbler-Midnight-Pearlescent/dp/B0BQL44WH5/ref=sr_1_107?crid=WJZ2CGTM4SL&dib=eyJ2IjoiMSJ9.00cCWaobOv_gROS4-T2UFBQ58ANBwD8d_D-0yb-sGW42Wz8jmzKRhOhs5UB5ZhCgX5vu8v0VMlTv5dxkm2uSq41EdXwu58od-4fNAC1NdMRDf25UctduI34vCRbGhbJw9A6OMub8Yo6oELXHv6nL5RsTSngdc2OqCy5d73HgmE29ty6NSqidcf1yk1cdVVgbgGpEIulZEn1hi_xzwvZMGw07rNN8_TUl-6s10YgCzik.u8iHLwxUnG3DF1B84o801j2hQKiATKGLD0qiEkMhh0U&dib_tag=se&keywords=40+oz&qid=1722915818&refinements=p_123%3A315576&rnid=119962390011&s=kitchen&sprefix=40+oz%2Caps%2C121&sr=1-107,2024-08-08,12:31:45,B0BQL44WH5,B0BQL44WH5
Stanley 40oz Adventure Quencher Reusable Insulated Stainless Steel Tumbler (Black Glow),$92.23,N/A,black,unknown,unknown,40,unknown,https://www.amazon.ca/Stanley-Adventure-Quencher-Insulated-Stainless/dp/B0BTZCMJ47/ref=sr_1_87?crid=WJZ2CGTM4SL&dib=eyJ2IjoiMSJ9.EKZqp7aiAzZndLw3gjDEhl-zE2-hB1PCNSAxq2Ouh549eHFkeYwdntMXo_1dLLM5tkExEIxZWCFBK4PrQSHb6Lmk649uCylgPCyikJ72ShDMAw6Oef1N_RJ7bxWeV_3_vm1bcZNUPNmsGIQJbAlahZmWNuC2mG8Re_eOOQcWi7CKWBund0e9AjOM2fk1UwBWtlZM91evgEBdPvv48vV2SlHKvjpvc9430ROSNy3ffts.kfm5GsMwvAPDj1bIrbIFgpnS-WsrOUEqY_fJ-bVCdGo&dib_tag=se&keywords=40+oz&qid=1722915812&refinements=p_123%3A315576&rnid=119962390011&s=kitchen&sprefix=40+oz%2Caps%2C121&sr=1-87,2024-08-08,12:31:51,B0BTZCMJ47,B0BTZCMJ47
"STANLEY Quencher H2.0 FlowState Stainless Steel Vacuum Insulated Tumbler with Lid and Straw for Water, Iced Tea or Coffee (Aqua, 40 oz)",$74.41,N/A,unknown,unknown,unknown,40,FlowState,https://www.amazon.ca/Quencher-FlowState-Stainless-Insulated-Tumbler/dp/B0CYXGT9DH/ref=sr_1_51?crid=WJZ2CGTM4SL&dib=eyJ2IjoiMSJ9.80GM8zHlmdS8T-rX_Nsv1r2lT-L3GYyeSUtk_N_wuDf4kvrSoFT1nf3vFLOGwcDeN-3cFqFVqY4umtpfSXzHJ3j-pgr1upzLGgUmfIktjA5m4uzQco4wWSkZcT7F5oseNBxgDXXlROFBJRrF8UCfMplcIsajQcFjzyxPIegwDHzEC1wUC3o61yk7ph-KRMF5SqDyertsK0nC4kdEb6P_-M50ATvdJSh8_bTZmUnfgDY.Yc5u9xbHuHwGtvlgxJUmM9StvY4ZNevPZas1SFBUfCw&dib_tag=se&keywords=40+oz&qid=1722915800&refinements=p_123%3A315576&rnid=119962390011&s=kitchen&sprefix=40+oz%2Caps%2C121&sr=1-51,2024-08-08,12:31:57,B0CYXGT9DH,B0CYXGT9DH
Stanley 40 oz. Quencher H2.0 FlowState Tumbler - POOL,$93.49,N/A,pool,unknown,unknown,40,FlowState,https://www.amazon.ca/Stanley-Quencher-H2-0-FlowState-Tumbler/dp/B0BY4W8BL8/ref=sr_1_28?crid=WJZ2CGTM4SL&dib=eyJ2IjoiMSJ9.EaB-OzPu3ZXdT5AD4IoiHekSC3X0gj_Nq-MBVAPFeQrd4M4utjAyv1affcL542wblS3-nszesfkgjMgifYDeHsqHgM8kjn8ErEVlqlRCuxU4At4zLTfv1AeranJ6O76Ohuk2yILrRoXmVMg6kRnQTFtpSnhVLeeHnmSrG3iIml_ziWvIGiOCJOLG2gaIDt_8h9rzf8otGkU9FIJZeTvvTtZWhiaHJYfQo_anlf5nGYg.sf2INfUGRi9sGnf93XVgPQohZmFUCHx3dtHRV4t95zI&dib_tag=se&keywords=40+oz&qid=1722915788&refinements=p_123%3A315576&rnid=119962390011&s=kitchen&sprefix=40+oz%2Caps%2C121&sr=1-28,2024-08-08,12:32:03,B0BY4W8BL8,B0BY4W8BL8
"Stanley Quencher H2.0 FlowState Stainless Steel Vacuum Insulated Tumbler with Lid and Straw for Water, Iced Tea or Coffee, Smoothie and More, Stainless Steel Shale, 40 OZ / 1.18 L",$59.00,N/A,unknown,unknown,unknown,40,FlowState,https://www.amazon.ca/Stanley-Quencher-FlowState-Tumbler-Stainless/dp/B0BTZRVRRR/ref=sr_1_70?crid=WJZ2CGTM4SL&dib=eyJ2IjoiMSJ9.32137uIvhwbnEgWk0dMNjWdV3tEHfAemxFjZCnbnZ3xgVyXg007l6HlqDHxRQUTzbt6U4avJqWWTKVHYKL0AgbbF15eeZ_WiHTkyeiGGx6bdy3fHnyor64LM8CLD206gkv12XkWtYNhiBUaBbNVOxcENUIpVC-6GghXblAlcs-MMCWgKrjfOlGqJ4Lj0Ju4zXukgTohkXNUa3MK7bSudYKg9a3lnWe5O4uHIfvazv3c.hnSJV2QpezQpnOGaZU2s_8bhTfLUI1gqH5zp-BOfmt0&dib_tag=se&keywords=40+oz&qid=1722915806&refinements=p_123%3A315576&rnid=119962390011&s=kitchen&sprefix=40+oz%2Caps%2C121&sr=1-70,2024-08-08,12:32:08,B0BQZC46PC,B0BQZC46PC
"Stanley Adventure Quencher Reisebecher, 1,1 l, pfirsichfarben",$170.00,N/A,unknown,unknown,unknown,unknown,unknown,https://www.amazon.ca/Stanley-Adventure-Quencher-Travel-Tumbler/dp/B0BXBMQ7YB/ref=sr_1_113?crid=WJZ2CGTM4SL&dib=eyJ2IjoiMSJ9.H90UGNHKi05D3bKB2TxE0Ye34d6XtZ-kpWlCEx2oZiGQYwQI3pVz0EeJaHUxcEaWxZETWflWUUZLFCeO5f-u1hghHpXzRB93y10VDVoQiHuOmM_eh_cUN5WLpet4XgbnMof_t4pIx7CXENViGWW-Lg.ykTUG_GR6EigGGvTjaVXIx1r7GW61SM16GV6K0lJeLQ&dib_tag=se&keywords=40+oz&qid=1722915824&refinements=p_123%3A315576&rnid=119962390011&s=kitchen&sprefix=40+oz%2Caps%2C121&sr=1-113,2024-08-08,12:32:14,B0BXBMQ7YB,B0BXBMQ7YB
Stanley 40oz Adventure Quencher Reusable Insulated Stainless Steel Tumbler (Shale),$160.00,unknown,unknown,unknown,unknown,40,unknown,https://www.amazon.ca/Stanley-Adventure-Quencher-Insulated-Stainless/dp/B0B25BW3JJ/ref=sr_1_111?crid=WJZ2CGTM4SL&dib=eyJ2IjoiMSJ9.00cCWaobOv_gROS4-T2UFBQ58ANBwD8d_D-0yb-sGW42Wz8jmzKRhOhs5UB5ZhCgX5vu8v0VMlTv5dxkm2uSq41EdXwu58od-4fNAC1NdMRDf25UctduI34vCRbGhbJw9A6OMub8Yo6oELXHv6nL5RsTSngdc2OqCy5d73HgmE29ty6NSqidcf1yk1cdVVgbgGpEIulZEn1hi_xzwvZMGw07rNN8_TUl-6s10YgCzik.u8iHLwxUnG3DF1B84o801j2hQKiATKGLD0qiEkMhh0U&dib_tag=se&keywords=40+oz&qid=1722915818&refinements=p_123%3A315576&rnid=119962390011&s=kitchen&sprefix=40+oz%2Caps%2C121&sr=1-111,2024-08-08,12:32:21,B0B25BW3JJ,B0B25BW3JJ
STANLEY The Clean Slate Quencher H2.0 FlowState™ Tumbler | 40 OZ - Create,$109.87,N/A,unknown,unknown,unknown,40,FlowState,https://www.amazon.ca/STANLEY-Clean-Quencher-FlowStateTM-Tumbler/dp/B0CVRQ9W4J/ref=sr_1_78?crid=WJZ2CGTM4SL&dib=eyJ2IjoiMSJ9.32137uIvhwbnEgWk0dMNjWdV3tEHfAemxFjZCnbnZ3xgVyXg007l6HlqDHxRQUTzbt6U4avJqWWTKVHYKL0AgbbF15eeZ_WiHTkyeiGGx6bdy3fHnyor64LM8CLD206gkv12XkWtYNhiBUaBbNVOxcENUIpVC-6GghXblAlcs-MMCWgKrjfOlGqJ4Lj0Ju4zXukgTohkXNUa3MK7bSudYKg9a3lnWe5O4uHIfvazv3c.hnSJV2QpezQpnOGaZU2s_8bhTfLUI1gqH5zp-BOfmt0&dib_tag=se&keywords=40+oz&qid=1722915806&refinements=p_123%3A315576&rnid=119962390011&s=kitchen&sprefix=40+oz%2Caps%2C121&sr=1-78,2024-08-08,12:32:26,B0CVRQ9W4J,B0CVRQ9W4J
"Stanley IceFlow Stainless Steel Water Jug with Straw, Vacuum Insulated Water Bottle for Home and Office, Reusable Tumbler with Straw Leak Resistant Flip, Fog, 40 OZ / 1.18 L",$80.95,N/A,fog,unknown,unknown,40,unknown,https://www.amazon.ca/Stanley-IceFlowTM-Flip-Straw-40oz/dp/B0BSLWWW3C/ref=sr_1_90?crid=WJZ2CGTM4SL&dib=eyJ2IjoiMSJ9.EKZqp7aiAzZndLw3gjDEhl-zE2-hB1PCNSAxq2Ouh549eHFkeYwdntMXo_1dLLM5tkExEIxZWCFBK4PrQSHb6Lmk649uCylgPCyikJ72ShDMAw6Oef1N_RJ7bxWeV_3_vm1bcZNUPNmsGIQJbAlahZmWNuC2mG8Re_eOOQcWi7CKWBund0e9AjOM2fk1UwBWtlZM91evgEBdPvv48vV2SlHKvjpvc9430ROSNy3ffts.kfm5GsMwvAPDj1bIrbIFgpnS-WsrOUEqY_fJ-bVCdGo&dib_tag=se&keywords=40+oz&qid=1722915812&refinements=p_123%3A315576&rnid=119962390011&s=kitchen&sprefix=40+oz%2Caps%2C121&sr=1-90,2024-08-08,12:32:32,B0BSLWWW3C,B0BSLWWW3C
Stanley Quencher H2.0 FlowState Tumbler 40oz (Citron),$89.97,N/A,citron,unknown,unknown,40,FlowState,https://www.amazon.ca/STANLEY-Quencher-H2-0-FlowState-QUENCHER/dp/B0BY9FP62P/ref=sr_1_7?crid=WJZ2CGTM4SL&dib=eyJ2IjoiMSJ9.s5yvEujjUNmN94VcUx6nFEwPM2JANMNpWOCOdvmrzzj1wkaPr_rEyUjmkhTx7cKUrtOctByGe80S3QWW0DxhJUDuXyD837W6glKLGinQZ5OQqXBnYh0ISGrVSZ1073QgVmPXIhQnZuj77Lzt2RaUuVs6Nzh9uXluIZNDNnOsfgwlVMTU2r0U2QSJn9Bh2f2hWCHTPVtl6Vu-vx06pW8_CTQipo2K1ogkjnYPGas0M2w.eiZVlvMZdW7X61ibpI1fAbzDU7VDT7MkiJZa7hjm4gg&dib_tag=se&keywords=40+oz&qid=1722915781&refinements=p_123%3A315576&rnid=119962390011&s=kitchen&sprefix=40+oz%2Caps%2C121&sr=1-7,2024-08-08,12:32:38,B0BY9FP62P,B0BY9FP62P
"Stanley Quencher H2.0 FlowState Stainless Steel Vacuum Insulated Tumbler with Lid and Straw for Water, Iced Tea or Coffee, Smoothie and More, Shale, 40 OZ / 1.18 L",$59.00,N/A,unknown,unknown,unknown,40,FlowState,https://www.amazon.ca/Stanley-Quencher-FlowState-Stainless-Insulated/dp/B0CV649NHV/ref=sr_1_67?crid=WJZ2CGTM4SL&dib=eyJ2IjoiMSJ9.32137uIvhwbnEgWk0dMNjWdV3tEHfAemxFjZCnbnZ3xgVyXg007l6HlqDHxRQUTzbt6U4avJqWWTKVHYKL0AgbbF15eeZ_WiHTkyeiGGx6bdy3fHnyor64LM8CLD206gkv12XkWtYNhiBUaBbNVOxcENUIpVC-6GghXblAlcs-MMCWgKrjfOlGqJ4Lj0Ju4zXukgTohkXNUa3MK7bSudYKg9a3lnWe5O4uHIfvazv3c.hnSJV2QpezQpnOGaZU2s_8bhTfLUI1gqH5zp-BOfmt0&dib_tag=se&keywords=40+oz&qid=1722915806&refinements=p_123%3A315576&rnid=119962390011&s=kitchen&sprefix=40+oz%2Caps%2C121&sr=1-67,2024-08-08,12:32:44,B0CV649NHV,B0CV649NHV
STANLEY Stanley Quencher H2.0 FlowState 40 oz Tumbler - Mistletoe Twist,$93.20,N/A,mist,unknown,unknown,40,FlowState,https://www.amazon.ca/STANLEY-Stanley-Quencher-FlowState-Tumbler/dp/B0CP2QS265/ref=sr_1_29?crid=WJZ2CGTM4SL&dib=eyJ2IjoiMSJ9.EaB-OzPu3ZXdT5AD4IoiHekSC3X0gj_Nq-MBVAPFeQrd4M4utjAyv1affcL542wblS3-nszesfkgjMgifYDeHsqHgM8kjn8ErEVlqlRCuxU4At4zLTfv1AeranJ6O76Ohuk2yILrRoXmVMg6kRnQTFtpSnhVLeeHnmSrG3iIml_ziWvIGiOCJOLG2gaIDt_8h9rzf8otGkU9FIJZeTvvTtZWhiaHJYfQo_anlf5nGYg.sf2INfUGRi9sGnf93XVgPQohZmFUCHx3dtHRV4t95zI&dib_tag=se&keywords=40+oz&qid=1722915788&refinements=p_123%3A315576&rnid=119962390011&s=kitchen&sprefix=40+oz%2Caps%2C121&sr=1-29,2024-08-08,12:32:50,B0CP2QS265,B0CP2QS265
"STANLEY Quencher H2.0 FlowState Stainless Steel Vacuum Insulated Tumbler with Lid and Straw for Water, Iced Tea or Coffee, Smoothie and More, Lava, 40 oz",$109.43,N/A,unknown,unknown,unknown,40,FlowState,https://www.amazon.ca/Quencher-FlowState-Stainless-Insulated-Smoothie/dp/B0CQF1N5FT/ref=sr_1_5?crid=WJZ2CGTM4SL&dib=eyJ2IjoiMSJ9.s5yvEujjUNmN94VcUx6nFEwPM2JANMNpWOCOdvmrzzj1wkaPr_rEyUjmkhTx7cKUrtOctByGe80S3QWW0DxhJUDuXyD837W6glKLGinQZ5OQqXBnYh0ISGrVSZ1073QgVmPXIhQnZuj77Lzt2RaUuVs6Nzh9uXluIZNDNnOsfgwlVMTU2r0U2QSJn9Bh2f2hWCHTPVtl6Vu-vx06pW8_CTQipo2K1ogkjnYPGas0M2w.eiZVlvMZdW7X61ibpI1fAbzDU7VDT7MkiJZa7hjm4gg&dib_tag=se&keywords=40+oz&qid=1722915781&refinements=p_123%3A315576&rnid=119962390011&s=kitchen&sprefix=40+oz%2Caps%2C121&sr=1-5,2024-08-08,12:32:57,B0CQF1N5FT,B0CQF1N5FT
STANLEY Quencher H2.0 Tumbler,$89.44,N/A,unknown,unknown,unknown,unknown,unknown,https://www.amazon.ca/Stanley-1010824349-STANLEY-Quencher-Tumbler/dp/B0CPHXJHLJ/ref=sr_1_100?crid=WJZ2CGTM4SL&dib=eyJ2IjoiMSJ9.00cCWaobOv_gROS4-T2UFBQ58ANBwD8d_D-0yb-sGW42Wz8jmzKRhOhs5UB5ZhCgX5vu8v0VMlTv5dxkm2uSq41EdXwu58od-4fNAC1NdMRDf25UctduI34vCRbGhbJw9A6OMub8Yo6oELXHv6nL5RsTSngdc2OqCy5d73HgmE29ty6NSqidcf1yk1cdVVgbgGpEIulZEn1hi_xzwvZMGw07rNN8_TUl-6s10YgCzik.u8iHLwxUnG3DF1B84o801j2hQKiATKGLD0qiEkMhh0U&dib_tag=se&keywords=40+oz&qid=1722915818&refinements=p_123%3A315576&rnid=119962390011&s=kitchen&sprefix=40+oz%2Caps%2C121&sr=1-100,2024-08-08,12:33:03,B0CPHXJHLJ,B0CPHXJHLJ
STANLEY Adventure Quencher H2.0 Flowstate 40 oz Tumbler - Polar Swirl,$127.84,N/A,unknown,unknown,unknown,40,FlowState,https://www.amazon.ca/Stanley-Adventure-Quencher-Flowstate-Tumbler/dp/B0C2LGT7FZ/ref=sr_1_69?crid=WJZ2CGTM4SL&dib=eyJ2IjoiMSJ9.32137uIvhwbnEgWk0dMNjWdV3tEHfAemxFjZCnbnZ3xgVyXg007l6HlqDHxRQUTzbt6U4avJqWWTKVHYKL0AgbbF15eeZ_WiHTkyeiGGx6bdy3fHnyor64LM8CLD206gkv12XkWtYNhiBUaBbNVOxcENUIpVC-6GghXblAlcs-MMCWgKrjfOlGqJ4Lj0Ju4zXukgTohkXNUa3MK7bSudYKg9a3lnWe5O4uHIfvazv3c.hnSJV2QpezQpnOGaZU2s_8bhTfLUI1gqH5zp-BOfmt0&dib_tag=se&keywords=40+oz&qid=1722915806&refinements=p_123%3A315576&rnid=119962390011&s=kitchen&sprefix=40+oz%2Caps%2C121&sr=1-69,2024-08-08,12:33:09,B0C2LGT7FZ,B0C2LGT7FZ
"Stanley IceFlow Stainless Steel Water Jug with Straw, Vacuum Insulated Water Bottle for Home and Office, Reusable Tumbler with Straw Leak Resistant Flip, Grapefruit, 40 OZ / 1.18 L",$69.95,N/A,unknown,unknown,unknown,40,unknown,https://www.amazon.ca/Stanley-Stainless-Insulated-Reusable-Leakproof/dp/B09PCN2HMZ/ref=sr_1_104?crid=WJZ2CGTM4SL&dib=eyJ2IjoiMSJ9.00cCWaobOv_gROS4-T2UFBQ58ANBwD8d_D-0yb-sGW42Wz8jmzKRhOhs5UB5ZhCgX5vu8v0VMlTv5dxkm2uSq41EdXwu58od-4fNAC1NdMRDf25UctduI34vCRbGhbJw9A6OMub8Yo6oELXHv6nL5RsTSngdc2OqCy5d73HgmE29ty6NSqidcf1yk1cdVVgbgGpEIulZEn1hi_xzwvZMGw07rNN8_TUl-6s10YgCzik.u8iHLwxUnG3DF1B84o801j2hQKiATKGLD0qiEkMhh0U&dib_tag=se&keywords=40+oz&qid=1722915818&refinements=p_123%3A315576&rnid=119962390011&s=kitchen&sprefix=40+oz%2Caps%2C121&sr=1-104,2024-08-08,12:33:16,B09PCN2HMZ,B09PCN2HMZ
"Stanley Quencher H2.0 FlowState Stainless Steel Vacuum Insulated Tumbler with Lid and Straw for Water, Iced Tea or Coffee, Smoothie and More, Rose Quartz Glow, 40 OZ / 1.18 L",$69.00,N/A,rose quartz,unknown,unknown,40,FlowState,https://www.amazon.ca/Stanley-Quencher-FlowState-Stainless-Insulated/dp/B0BQZDZWG4/ref=sr_1_18?crid=WJZ2CGTM4SL&dib=eyJ2IjoiMSJ9.EaB-OzPu3ZXdT5AD4IoiHekSC3X0gj_Nq-MBVAPFeQrd4M4utjAyv1affcL542wblS3-nszesfkgjMgifYDeHsqHgM8kjn8ErEVlqlRCuxU4At4zLTfv1AeranJ6O76Ohuk2yILrRoXmVMg6kRnQTFtpSnhVLeeHnmSrG3iIml_ziWvIGiOCJOLG2gaIDt_8h9rzf8otGkU9FIJZeTvvTtZWhiaHJYfQo_anlf5nGYg.sf2INfUGRi9sGnf93XVgPQohZmFUCHx3dtHRV4t95zI&dib_tag=se&keywords=40+oz&qid=1722915788&refinements=p_123%3A315576&rnid=119962390011&s=kitchen&sprefix=40+oz%2Caps%2C121&sr=1-18,2024-08-08,12:33:22,B0BQZDZWG4,B0BQZDZWG4
STANLEY Quencher H2.0 FlowState Tumbler 40oz (Pink Dusk),$116.48,N/A,unknown,unknown,unknown,40,FlowState,https://www.amazon.ca/Stanley-Quencher-H2-0-FlowState-Tumbler/dp/B0BMGW5WHR/ref=sr_1_93?crid=WJZ2CGTM4SL&dib=eyJ2IjoiMSJ9.EKZqp7aiAzZndLw3gjDEhl-zE2-hB1PCNSAxq2Ouh549eHFkeYwdntMXo_1dLLM5tkExEIxZWCFBK4PrQSHb6Lmk649uCylgPCyikJ72ShDMAw6Oef1N_RJ7bxWeV_3_vm1bcZNUPNmsGIQJbAlahZmWNuC2mG8Re_eOOQcWi7CKWBund0e9AjOM2fk1UwBWtlZM91evgEBdPvv48vV2SlHKvjpvc9430ROSNy3ffts.kfm5GsMwvAPDj1bIrbIFgpnS-WsrOUEqY_fJ-bVCdGo&dib_tag=se&keywords=40+oz&qid=1722915812&refinements=p_123%3A315576&rnid=119962390011&s=kitchen&sprefix=40+oz%2Caps%2C121&sr=1-93,2024-08-08,12:33:28,B0BMGW5WHR,B0BMGW5WHR
"Stanley Quencher H2.0 FlowState Stainless Steel Vacuum Insulated Tumbler with Lid and Straw for Water, Iced Tea or Coffee, Smoothie and More, Passion Pink, 40 oz",$112.13,N/A,unknown,unknown,unknown,40,FlowState,https://www.amazon.ca/Stanley-Quencher-FlowStateTM-Tumbler-Passion/dp/B0D2Z1PJWT/ref=sr_1_58?crid=WJZ2CGTM4SL&dib=eyJ2IjoiMSJ9.80GM8zHlmdS8T-rX_Nsv1r2lT-L3GYyeSUtk_N_wuDf4kvrSoFT1nf3vFLOGwcDeN-3cFqFVqY4umtpfSXzHJ3j-pgr1upzLGgUmfIktjA5m4uzQco4wWSkZcT7F5oseNBxgDXXlROFBJRrF8UCfMplcIsajQcFjzyxPIegwDHzEC1wUC3o61yk7ph-KRMF5SqDyertsK0nC4kdEb6P_-M50ATvdJSh8_bTZmUnfgDY.Yc5u9xbHuHwGtvlgxJUmM9StvY4ZNevPZas1SFBUfCw&dib_tag=se&keywords=40+oz&qid=1722915800&refinements=p_123%3A315576&rnid=119962390011&s=kitchen&sprefix=40+oz%2Caps%2C121&sr=1-58,2024-08-08,12:33:34,B0D2Z1PJWT,B0D2Z1PJWT
Stanley Adventure Quencher Travel Tumbler 40 oz Eucalyptus,$125.98,N/A,eucalyptus,unknown,unknown,40,unknown,https://www.amazon.ca/Stanley-Adventure-Quencher-Tumbler-Eucalyptus/dp/B0CKGZR5JB/ref=sr_1_102?crid=WJZ2CGTM4SL&dib=eyJ2IjoiMSJ9.00cCWaobOv_gROS4-T2UFBQ58ANBwD8d_D-0yb-sGW42Wz8jmzKRhOhs5UB5ZhCgX5vu8v0VMlTv5dxkm2uSq41EdXwu58od-4fNAC1NdMRDf25UctduI34vCRbGhbJw9A6OMub8Yo6oELXHv6nL5RsTSngdc2OqCy5d73HgmE29ty6NSqidcf1yk1cdVVgbgGpEIulZEn1hi_xzwvZMGw07rNN8_TUl-6s10YgCzik.u8iHLwxUnG3DF1B84o801j2hQKiATKGLD0qiEkMhh0U&dib_tag=se&keywords=40+oz&qid=1722915818&refinements=p_123%3A315576&rnid=119962390011&s=kitchen&sprefix=40+oz%2Caps%2C121&sr=1-102,2024-08-08,12:33:40,B0CKGZR5JB,B0CKGZR5JB
Stanley Adventure Quencher H2.0 Flowstate 40 oz Tumbler - Lavender,$185.94,unknown,unknown,unknown,unknown,40,FlowState,https://www.amazon.ca/Stanley-Adventure-Quencher-Flowstate-Tumbler/dp/B0C9L79R3R/ref=sr_1_20?crid=WJZ2CGTM4SL&dib=eyJ2IjoiMSJ9.EaB-OzPu3ZXdT5AD4IoiHekSC3X0gj_Nq-MBVAPFeQrd4M4utjAyv1affcL542wblS3-nszesfkgjMgifYDeHsqHgM8kjn8ErEVlqlRCuxU4At4zLTfv1AeranJ6O76Ohuk2yILrRoXmVMg6kRnQTFtpSnhVLeeHnmSrG3iIml_ziWvIGiOCJOLG2gaIDt_8h9rzf8otGkU9FIJZeTvvTtZWhiaHJYfQo_anlf5nGYg.sf2INfUGRi9sGnf93XVgPQohZmFUCHx3dtHRV4t95zI&dib_tag=se&keywords=40+oz&qid=1722915788&refinements=p_123%3A315576&rnid=119962390011&s=kitchen&sprefix=40+oz%2Caps%2C121&sr=1-20,2024-08-08,12:33:46,B0C9L79R3R,B0C9L79R3R
Stanley Quencher H2.O FlowState™ Tumbler 40 OZ Chili,$169.35,N/A,unknown,unknown,unknown,40,FlowState,https://www.amazon.ca/Stanley-Quencher-FlowStateTM-Tumbler-Chili/dp/B0D2Z9Y12N/ref=sr_1_115?crid=WJZ2CGTM4SL&dib=eyJ2IjoiMSJ9.H90UGNHKi05D3bKB2TxE0Ye34d6XtZ-kpWlCEx2oZiGQYwQI3pVz0EeJaHUxcEaWxZETWflWUUZLFCeO5f-u1hghHpXzRB93y10VDVoQiHuOmM_eh_cUN5WLpet4XgbnMof_t4pIx7CXENViGWW-Lg.ykTUG_GR6EigGGvTjaVXIx1r7GW61SM16GV6K0lJeLQ&dib_tag=se&keywords=40+oz&qid=1722915824&refinements=p_123%3A315576&rnid=119962390011&s=kitchen&sprefix=40+oz%2Caps%2C121&sr=1-115,2024-08-08,12:33:51,B0D2Z9Y12N,B0D2Z9Y12N
"Stanley Quencher H2.0 FlowState Stainless Steel Vacuum Insulated Tumbler with Lid and Straw for Water, Iced Tea or Coffee, Smoothie and More, Peony, 40oz",$59.99,N/A,unknown,unknown,unknown,40,FlowState,https://www.amazon.ca/Stanley-Quencher-FlowState-Stainless-Insulated/dp/B0CRMP3RQT/ref=sr_1_14?crid=WJZ2CGTM4SL&dib=eyJ2IjoiMSJ9.s5yvEujjUNmN94VcUx6nFEwPM2JANMNpWOCOdvmrzzj1wkaPr_rEyUjmkhTx7cKUrtOctByGe80S3QWW0DxhJUDuXyD837W6glKLGinQZ5OQqXBnYh0ISGrVSZ1073QgVmPXIhQnZuj77Lzt2RaUuVs6Nzh9uXluIZNDNnOsfgwlVMTU2r0U2QSJn9Bh2f2hWCHTPVtl6Vu-vx06pW8_CTQipo2K1ogkjnYPGas0M2w.eiZVlvMZdW7X61ibpI1fAbzDU7VDT7MkiJZa7hjm4gg&dib_tag=se&keywords=40+oz&qid=1722915781&refinements=p_123%3A315576&rnid=119962390011&s=kitchen&sprefix=40+oz%2Caps%2C121&sr=1-14,2024-08-08,12:33:58,B0CRMP3RQT,B0CRMP3RQT
STANLEYxStarbucks Exclusive Stainless Steel Tumbler | 40 OZ,$656.67,N/A,unknown,unknown,unknown,40,unknown,https://www.amazon.ca/STANLEYxStarbucks-Exclusive-Stainless-Steel-Tumbler/dp/B0CMSMNXDT/ref=sr_1_110?crid=WJZ2CGTM4SL&dib=eyJ2IjoiMSJ9.00cCWaobOv_gROS4-T2UFBQ58ANBwD8d_D-0yb-sGW42Wz8jmzKRhOhs5UB5ZhCgX5vu8v0VMlTv5dxkm2uSq41EdXwu58od-4fNAC1NdMRDf25UctduI34vCRbGhbJw9A6OMub8Yo6oELXHv6nL5RsTSngdc2OqCy5d73HgmE29ty6NSqidcf1yk1cdVVgbgGpEIulZEn1hi_xzwvZMGw07rNN8_TUl-6s10YgCzik.u8iHLwxUnG3DF1B84o801j2hQKiATKGLD0qiEkMhh0U&dib_tag=se&keywords=40+oz&qid=1722915818&refinements=p_123%3A315576&rnid=119962390011&s=kitchen&sprefix=40+oz%2Caps%2C121&sr=1-110,2024-08-08,12:34:04,B0CMSMNXDT,B0CMSMNXDT
Stanley 40 oz. Adventure Quencher Tumbler,$155.00,N/A,unknown,unknown,unknown,40,unknown,https://www.amazon.ca/Stanley-oz-Adventure-Quencher-Tumbler/dp/B0B2C8Y9KK/ref=sr_1_101?crid=WJZ2CGTM4SL&dib=eyJ2IjoiMSJ9.00cCWaobOv_gROS4-T2UFBQ58ANBwD8d_D-0yb-sGW42Wz8jmzKRhOhs5UB5ZhCgX5vu8v0VMlTv5dxkm2uSq41EdXwu58od-4fNAC1NdMRDf25UctduI34vCRbGhbJw9A6OMub8Yo6oELXHv6nL5RsTSngdc2OqCy5d73HgmE29ty6NSqidcf1yk1cdVVgbgGpEIulZEn1hi_xzwvZMGw07rNN8_TUl-6s10YgCzik.u8iHLwxUnG3DF1B84o801j2hQKiATKGLD0qiEkMhh0U&dib_tag=se&keywords=40+oz&qid=1722915818&refinements=p_123%3A315576&rnid=119962390011&s=kitchen&sprefix=40+oz%2Caps%2C121&sr=1-101,2024-08-08,12:34:09,B0B2C8Y9KK,B0B2C8Y9KK
"STANLEY Peony Quencher H2.0 FlowState Stainless Steel Vacuum Insulated Tumbler with Lid and Straw for Water, Iced Tea or Coffee (Peony, 40 oz)",$143.76,N/A,unknown,unknown,unknown,40,FlowState,https://www.amazon.ca/Quencher-FlowState-Stainless-Insulated-Tumbler/dp/B0CZF97C8N/ref=sr_1_10?crid=WJZ2CGTM4SL&dib=eyJ2IjoiMSJ9.s5yvEujjUNmN94VcUx6nFEwPM2JANMNpWOCOdvmrzzj1wkaPr_rEyUjmkhTx7cKUrtOctByGe80S3QWW0DxhJUDuXyD837W6glKLGinQZ5OQqXBnYh0ISGrVSZ1073QgVmPXIhQnZuj77Lzt2RaUuVs6Nzh9uXluIZNDNnOsfgwlVMTU2r0U2QSJn9Bh2f2hWCHTPVtl6Vu-vx06pW8_CTQipo2K1ogkjnYPGas0M2w.eiZVlvMZdW7X61ibpI1fAbzDU7VDT7MkiJZa7hjm4gg&dib_tag=se&keywords=40+oz&qid=1722915781&refinements=p_123%3A315576&rnid=119962390011&s=kitchen&sprefix=40+oz%2Caps%2C121&sr=1-10,2024-08-08,12:34:13,B0CZF97C8N,B0CZF97C8N
"Stanley Quencher H2.0 FlowState Stainless Steel Vacuum Insulated Tumbler with Lid and Straw for Water, Iced Tea or Coffee, Smoothie and More, Goldenrod, 40 oz",$111.72,N/A,unknown,unknown,unknown,40,FlowState,https://www.amazon.ca/Stanley-Quencher-FlowStateTM-Tumbler-Goldenrod/dp/B0D2Z8DQJ8/ref=sr_1_33?crid=WJZ2CGTM4SL&dib=eyJ2IjoiMSJ9.xMp5dHsq-xz50rt2bvQ77YS8W0x56ByYku4qEliENElx1h6ceU92ENHHWzhbmE1JZw75nKXtSF3KZR3DlHYazzj6vcEtTNi1AKtCeVUtDCmqu6AmyV1ua4i33-1yYTkXtWJB1zN4TUKC_UHd5kYHCZrAtsxR6pNCek2zWBL0_-6hFP-o0ZCbgnVgkS3kUtg_QncEQSs4jJyWmAKfutGk07132e7M5LVt4kXxqGvwvSk.SrtwqpRm_tzGH_y306yII3l-B50Ac6mNuszuvIS2_d8&dib_tag=se&keywords=40+oz&qid=1722915794&refinements=p_123%3A315576&rnid=119962390011&s=kitchen&sprefix=40+oz%2Caps%2C121&sr=1-33,2024-08-08,12:34:19,B0D2Z8DQJ8,B0D2Z8DQJ8
Stanley Quencher H2.O FlowState™ Tumbler 40 oz Nightfall Gloss Deco,$65.00,N/A,unknown,unknown,unknown,40,FlowState,https://www.amazon.ca/Stanley-Quencher-FlowStateTM-Tumbler-Nightfall/dp/B0CN1MP6H4/ref=sr_1_42?crid=WJZ2CGTM4SL&dib=eyJ2IjoiMSJ9.xMp5dHsq-xz50rt2bvQ77YS8W0x56ByYku4qEliENElx1h6ceU92ENHHWzhbmE1JZw75nKXtSF3KZR3DlHYazzj6vcEtTNi1AKtCeVUtDCmqu6AmyV1ua4i33-1yYTkXtWJB1zN4TUKC_UHd5kYHCZrAtsxR6pNCek2zWBL0_-6hFP-o0ZCbgnVgkS3kUtg_QncEQSs4jJyWmAKfutGk07132e7M5LVt4kXxqGvwvSk.SrtwqpRm_tzGH_y306yII3l-B50Ac6mNuszuvIS2_d8&dib_tag=se&keywords=40+oz&qid=1722915794&refinements=p_123%3A315576&rnid=119962390011&s=kitchen&sprefix=40+oz%2Caps%2C121&sr=1-42,2024-08-08,12:34:25,B0CN1MP6H4,B0CN1MP6H4
Stanley Quencher H2.O FlowState™ Tumbler 40oz Rose Quartz 2.0 & Quencher H2.O FlowState™ Tumbler 40oz Frost,$118.99,N/A,frost,unknown,unknown,40,FlowState,https://www.amazon.ca/Stanley-Quencher-FlowStateTM-Tumbler-Quartz/dp/B0D2V19LB1/ref=sr_1_36?crid=WJZ2CGTM4SL&dib=eyJ2IjoiMSJ9.xMp5dHsq-xz50rt2bvQ77YS8W0x56ByYku4qEliENElx1h6ceU92ENHHWzhbmE1JZw75nKXtSF3KZR3DlHYazzj6vcEtTNi1AKtCeVUtDCmqu6AmyV1ua4i33-1yYTkXtWJB1zN4TUKC_UHd5kYHCZrAtsxR6pNCek2zWBL0_-6hFP-o0ZCbgnVgkS3kUtg_QncEQSs4jJyWmAKfutGk07132e7M5LVt4kXxqGvwvSk.SrtwqpRm_tzGH_y306yII3l-B50Ac6mNuszuvIS2_d8&dib_tag=se&keywords=40+oz&qid=1722915794&refinements=p_123%3A315576&rnid=119962390011&s=kitchen&sprefix=40+oz%2Caps%2C121&sr=1-36,2024-08-08,12:34:31,B0D2V19LB1,B0D2V19LB1
STANLEY 40 oz Stainless Steel H2.0 Flowstate Quencher Tumbler - Watercolor Dusk Target Exclusive,$159.74,N/A,unknown,unknown,unknown,40,FlowState,https://www.amazon.ca/STANLEY-Stainless-Flowstate-Quencher-Tumbler/dp/B0CQHFTDXZ/ref=sr_1_53?crid=WJZ2CGTM4SL&dib=eyJ2IjoiMSJ9.80GM8zHlmdS8T-rX_Nsv1r2lT-L3GYyeSUtk_N_wuDf4kvrSoFT1nf3vFLOGwcDeN-3cFqFVqY4umtpfSXzHJ3j-pgr1upzLGgUmfIktjA5m4uzQco4wWSkZcT7F5oseNBxgDXXlROFBJRrF8UCfMplcIsajQcFjzyxPIegwDHzEC1wUC3o61yk7ph-KRMF5SqDyertsK0nC4kdEb6P_-M50ATvdJSh8_bTZmUnfgDY.Yc5u9xbHuHwGtvlgxJUmM9StvY4ZNevPZas1SFBUfCw&dib_tag=se&keywords=40+oz&qid=1722915800&refinements=p_123%3A315576&rnid=119962390011&s=kitchen&sprefix=40+oz%2Caps%2C121&sr=1-53,2024-08-08,12:34:36,B0CQHFTDXZ,B0CQHFTDXZ
Stanley Quencher H2.0 FlowState Tumbler 40oz (Cream),$92.97,N/A,cream,unknown,unknown,40,FlowState,https://www.amazon.ca/Stanley-Quencher-FlowState-Tumbler-Cream/dp/B0BD76BTSN/ref=sr_1_37?crid=WJZ2CGTM4SL&dib=eyJ2IjoiMSJ9.xMp5dHsq-xz50rt2bvQ77YS8W0x56ByYku4qEliENElx1h6ceU92ENHHWzhbmE1JZw75nKXtSF3KZR3DlHYazzj6vcEtTNi1AKtCeVUtDCmqu6AmyV1ua4i33-1yYTkXtWJB1zN4TUKC_UHd5kYHCZrAtsxR6pNCek2zWBL0_-6hFP-o0ZCbgnVgkS3kUtg_QncEQSs4jJyWmAKfutGk07132e7M5LVt4kXxqGvwvSk.SrtwqpRm_tzGH_y306yII3l-B50Ac6mNuszuvIS2_d8&dib_tag=se&keywords=40+oz&qid=1722915794&refinements=p_123%3A315576&rnid=119962390011&s=kitchen&sprefix=40+oz%2Caps%2C121&sr=1-37,2024-08-08,12:34:42,B0BD76BTSN,B0BD76BTSN
"Stanley Quencher H2.0 FlowState Stainless Steel Vacuum Insulated Tumbler with Lid and Straw for Water, Iced Tea or Coffee, Smoothie and More, Pink Dusk, 40 OZ / 1.18 L",$59.00,N/A,unknown,unknown,unknown,40,FlowState,https://www.amazon.ca/Stanley-Quencher-FlowState-Stainless-Insulated/dp/B0BQZB7FFL/ref=sr_1_31?crid=WJZ2CGTM4SL&dib=eyJ2IjoiMSJ9.EaB-OzPu3ZXdT5AD4IoiHekSC3X0gj_Nq-MBVAPFeQrd4M4utjAyv1affcL542wblS3-nszesfkgjMgifYDeHsqHgM8kjn8ErEVlqlRCuxU4At4zLTfv1AeranJ6O76Ohuk2yILrRoXmVMg6kRnQTFtpSnhVLeeHnmSrG3iIml_ziWvIGiOCJOLG2gaIDt_8h9rzf8otGkU9FIJZeTvvTtZWhiaHJYfQo_anlf5nGYg.sf2INfUGRi9sGnf93XVgPQohZmFUCHx3dtHRV4t95zI&dib_tag=se&keywords=40+oz&qid=1722915788&refinements=p_123%3A315576&rnid=119962390011&s=kitchen&sprefix=40+oz%2Caps%2C121&sr=1-31,2024-08-08,12:34:49,B0BQZB7FFL,B0BQZB7FFL
Stanley 40 oz. Quencher H2.0 FlowState Tumbler - Country Gold,$189.00,N/A,unknown,unknown,unknown,40,FlowState,https://www.amazon.ca/Stanley-Quencher-H2-0-FlowState-Tumbler/dp/B0CNB2G3N4/ref=sr_1_41?crid=WJZ2CGTM4SL&dib=eyJ2IjoiMSJ9.xMp5dHsq-xz50rt2bvQ77YS8W0x56ByYku4qEliENElx1h6ceU92ENHHWzhbmE1JZw75nKXtSF3KZR3DlHYazzj6vcEtTNi1AKtCeVUtDCmqu6AmyV1ua4i33-1yYTkXtWJB1zN4TUKC_UHd5kYHCZrAtsxR6pNCek2zWBL0_-6hFP-o0ZCbgnVgkS3kUtg_QncEQSs4jJyWmAKfutGk07132e7M5LVt4kXxqGvwvSk.SrtwqpRm_tzGH_y306yII3l-B50Ac6mNuszuvIS2_d8&dib_tag=se&keywords=40+oz&qid=1722915794&refinements=p_123%3A315576&rnid=119962390011&s=kitchen&sprefix=40+oz%2Caps%2C121&sr=1-41,2024-08-08,12:34:54,B0CNB2G3N4,B0CNB2G3N4
Stanley Quencher H2.O FlowState™ Tumbler 40oz Cream Gloss Deco,$65.00,N/A,cream,unknown,unknown,40,FlowState,https://www.amazon.ca/Stanley-Quencher-FlowStateTM-Tumbler-Cream/dp/B0CN1PH6K9/ref=sr_1_11?crid=WJZ2CGTM4SL&dib=eyJ2IjoiMSJ9.s5yvEujjUNmN94VcUx6nFEwPM2JANMNpWOCOdvmrzzj1wkaPr_rEyUjmkhTx7cKUrtOctByGe80S3QWW0DxhJUDuXyD837W6glKLGinQZ5OQqXBnYh0ISGrVSZ1073QgVmPXIhQnZuj77Lzt2RaUuVs6Nzh9uXluIZNDNnOsfgwlVMTU2r0U2QSJn9Bh2f2hWCHTPVtl6Vu-vx06pW8_CTQipo2K1ogkjnYPGas0M2w.eiZVlvMZdW7X61ibpI1fAbzDU7VDT7MkiJZa7hjm4gg&dib_tag=se&keywords=40+oz&qid=1722915781&refinements=p_123%3A315576&rnid=119962390011&s=kitchen&sprefix=40+oz%2Caps%2C121&sr=1-11,2024-08-08,12:35:01,B0CN1PH6K9,B0CN1PH6K9
Stanley Quencher H2.0 FlowState Tumbler 40oz (Charcoal),$115.35,N/A,charcoal,unknown,unknown,40,FlowState,https://www.amazon.ca/STANLEY-Quencher-FlowState-Tumbler-Charcoal/dp/B0BD78MYPN/ref=sr_1_57?crid=WJZ2CGTM4SL&dib=eyJ2IjoiMSJ9.80GM8zHlmdS8T-rX_Nsv1r2lT-L3GYyeSUtk_N_wuDf4kvrSoFT1nf3vFLOGwcDeN-3cFqFVqY4umtpfSXzHJ3j-pgr1upzLGgUmfIktjA5m4uzQco4wWSkZcT7F5oseNBxgDXXlROFBJRrF8UCfMplcIsajQcFjzyxPIegwDHzEC1wUC3o61yk7ph-KRMF5SqDyertsK0nC4kdEb6P_-M50ATvdJSh8_bTZmUnfgDY.Yc5u9xbHuHwGtvlgxJUmM9StvY4ZNevPZas1SFBUfCw&dib_tag=se&keywords=40+oz&qid=1722915800&refinements=p_123%3A315576&rnid=119962390011&s=kitchen&sprefix=40+oz%2Caps%2C121&sr=1-57,2024-08-08,12:35:06,B0BD78MYPN,B0BD78MYPN
"STANLEY Quencher H2.0 FlowState Stainless Steel Vacuum Insulated Tumbler with Lid and Straw for Water, Iced Tea or Coffee (Sunshine, 40 oz)",$105.71,N/A,unknown,unknown,unknown,40,FlowState,https://www.amazon.ca/Quencher-FlowState-Stainless-Insulated-Tumbler/dp/B0CYXHDCLW/ref=sr_1_65?crid=WJZ2CGTM4SL&dib=eyJ2IjoiMSJ9.32137uIvhwbnEgWk0dMNjWdV3tEHfAemxFjZCnbnZ3xgVyXg007l6HlqDHxRQUTzbt6U4avJqWWTKVHYKL0AgbbF15eeZ_WiHTkyeiGGx6bdy3fHnyor64LM8CLD206gkv12XkWtYNhiBUaBbNVOxcENUIpVC-6GghXblAlcs-MMCWgKrjfOlGqJ4Lj0Ju4zXukgTohkXNUa3MK7bSudYKg9a3lnWe5O4uHIfvazv3c.hnSJV2QpezQpnOGaZU2s_8bhTfLUI1gqH5zp-BOfmt0&dib_tag=se&keywords=40+oz&qid=1722915806&refinements=p_123%3A315576&rnid=119962390011&s=kitchen&sprefix=40+oz%2Caps%2C121&sr=1-65,2024-08-08,12:35:12,B0CYXHDCLW,B0CYXHDCLW
"STANLEY Quencher H2.0 FlowState Stainless Steel Vacuum Insulated Tumbler with Lid and Straw for Water, Iced Tea or Coffee (Glazed Donut, 40 oz)",$114.52,N/A,unknown,unknown,unknown,40,FlowState,https://www.amazon.ca/Quencher-FlowState-Stainless-Insulated-Tumbler/dp/B0D6P8NSFV/ref=sr_1_47?crid=WJZ2CGTM4SL&dib=eyJ2IjoiMSJ9.xMp5dHsq-xz50rt2bvQ77YS8W0x56ByYku4qEliENElx1h6ceU92ENHHWzhbmE1JZw75nKXtSF3KZR3DlHYazzj6vcEtTNi1AKtCeVUtDCmqu6AmyV1ua4i33-1yYTkXtWJB1zN4TUKC_UHd5kYHCZrAtsxR6pNCek2zWBL0_-6hFP-o0ZCbgnVgkS3kUtg_QncEQSs4jJyWmAKfutGk07132e7M5LVt4kXxqGvwvSk.SrtwqpRm_tzGH_y306yII3l-B50Ac6mNuszuvIS2_d8&dib_tag=se&keywords=40+oz&qid=1722915794&refinements=p_123%3A315576&rnid=119962390011&s=kitchen&sprefix=40+oz%2Caps%2C121&sr=1-47,2024-08-08,12:35:18,B0D6P8NSFV,B0D6P8NSFV
"Stanley Quencher H2.0 FlowState Stainless Steel Vacuum Insulated Tumbler with Lid and Straw for Water, Iced Tea or Coffee, Smoothie and More, Orchid, 40 OZ / 1.18 L",$99.99,N/A,unknown,unknown,unknown,40,FlowState,https://www.amazon.ca/Stanley-Quencher-FlowState-Stainless-Insulated/dp/B0C35G8XB8/ref=sr_1_3?crid=WJZ2CGTM4SL&dib=eyJ2IjoiMSJ9.s5yvEujjUNmN94VcUx6nFEwPM2JANMNpWOCOdvmrzzj1wkaPr_rEyUjmkhTx7cKUrtOctByGe80S3QWW0DxhJUDuXyD837W6glKLGinQZ5OQqXBnYh0ISGrVSZ1073QgVmPXIhQnZuj77Lzt2RaUuVs6Nzh9uXluIZNDNnOsfgwlVMTU2r0U2QSJn9Bh2f2hWCHTPVtl6Vu-vx06pW8_CTQipo2K1ogkjnYPGas0M2w.eiZVlvMZdW7X61ibpI1fAbzDU7VDT7MkiJZa7hjm4gg&dib_tag=se&keywords=40+oz&qid=1722915781&refinements=p_123%3A315576&rnid=119962390011&s=kitchen&sprefix=40+oz%2Caps%2C121&sr=1-3,2024-08-08,12:35:25,B0C35G8XB8,B0C35G8XB8
STANLEY Quencher H2.0 FlowState Tumbler 40oz (Peach),$116.48,N/A,unknown,unknown,unknown,40,FlowState,https://www.amazon.ca/STANLEY-Quencher-FlowState-Tumbler-Peach/dp/B0BXGBRNMT/ref=sr_1_106?crid=WJZ2CGTM4SL&dib=eyJ2IjoiMSJ9.00cCWaobOv_gROS4-T2UFBQ58ANBwD8d_D-0yb-sGW42Wz8jmzKRhOhs5UB5ZhCgX5vu8v0VMlTv5dxkm2uSq41EdXwu58od-4fNAC1NdMRDf25UctduI34vCRbGhbJw9A6OMub8Yo6oELXHv6nL5RsTSngdc2OqCy5d73HgmE29ty6NSqidcf1yk1cdVVgbgGpEIulZEn1hi_xzwvZMGw07rNN8_TUl-6s10YgCzik.u8iHLwxUnG3DF1B84o801j2hQKiATKGLD0qiEkMhh0U&dib_tag=se&keywords=40+oz&qid=1722915818&refinements=p_123%3A315576&rnid=119962390011&s=kitchen&sprefix=40+oz%2Caps%2C121&sr=1-106,2024-08-08,12:35:31,B0BXGBRNMT,B0BXGBRNMT
"Stanley IceFlow Stainless Steel Water Jug with Straw, Vacuum Insulated Water Bottle for Home and Office, Reusable Tumbler with Straw Leak Resistant Flip, White, 40 OZ / 1.18 L",$134.05,N/A,unknown,unknown,unknown,40,unknown,https://www.amazon.ca/Stanley-IceFlow-Flip-Straw-Cloud/dp/B09PCPLKFC/ref=sr_1_117?crid=WJZ2CGTM4SL&dib=eyJ2IjoiMSJ9.H90UGNHKi05D3bKB2TxE0Ye34d6XtZ-kpWlCEx2oZiGQYwQI3pVz0EeJaHUxcEaWxZETWflWUUZLFCeO5f-u1hghHpXzRB93y10VDVoQiHuOmM_eh_cUN5WLpet4XgbnMof_t4pIx7CXENViGWW-Lg.ykTUG_GR6EigGGvTjaVXIx1r7GW61SM16GV6K0lJeLQ&dib_tag=se&keywords=40+oz&qid=1722915824&refinements=p_123%3A315576&rnid=119962390011&s=kitchen&sprefix=40+oz%2Caps%2C121&sr=1-117,2024-08-08,12:35:37,B09PCPLKFC,B09PCPLKFC
Stanley Adventure Quencher H2.0 Flowstate 40 oz Tumbler - Cream Speckle,$184.52,N/A,cream,unknown,unknown,40,FlowState,https://www.amazon.ca/Stanley-Adventure-Quencher-Flowstate-Tumbler/dp/B0C8XRG1WB/ref=sr_1_95?crid=WJZ2CGTM4SL&dib=eyJ2IjoiMSJ9.EKZqp7aiAzZndLw3gjDEhl-zE2-hB1PCNSAxq2Ouh549eHFkeYwdntMXo_1dLLM5tkExEIxZWCFBK4PrQSHb6Lmk649uCylgPCyikJ72ShDMAw6Oef1N_RJ7bxWeV_3_vm1bcZNUPNmsGIQJbAlahZmWNuC2mG8Re_eOOQcWi7CKWBund0e9AjOM2fk1UwBWtlZM91evgEBdPvv48vV2SlHKvjpvc9430ROSNy3ffts.kfm5GsMwvAPDj1bIrbIFgpnS-WsrOUEqY_fJ-bVCdGo&dib_tag=se&keywords=40+oz&qid=1722915812&refinements=p_123%3A315576&rnid=119962390011&s=kitchen&sprefix=40+oz%2Caps%2C121&sr=1-95,2024-08-08,12:35:42,B0C8XRG1WB,B0C8XRG1WB
STANLEY Quencher H2.0 FlowState Tumbler 40oz (Tigerlily),$86.81,N/A,tigerlily,unknown,unknown,40,FlowState,https://www.amazon.ca/STANLEY-Quencher-FlowState-Tumbler-Tigerlily/dp/B0BZ1XYZP5/ref=sr_1_35?crid=WJZ2CGTM4SL&dib=eyJ2IjoiMSJ9.xMp5dHsq-xz50rt2bvQ77YS8W0x56ByYku4qEliENElx1h6ceU92ENHHWzhbmE1JZw75nKXtSF3KZR3DlHYazzj6vcEtTNi1AKtCeVUtDCmqu6AmyV1ua4i33-1yYTkXtWJB1zN4TUKC_UHd5kYHCZrAtsxR6pNCek2zWBL0_-6hFP-o0ZCbgnVgkS3kUtg_QncEQSs4jJyWmAKfutGk07132e7M5LVt4kXxqGvwvSk.SrtwqpRm_tzGH_y306yII3l-B50Ac6mNuszuvIS2_d8&dib_tag=se&keywords=40+oz&qid=1722915794&refinements=p_123%3A315576&rnid=119962390011&s=kitchen&sprefix=40+oz%2Caps%2C121&sr=1-35,2024-08-08,12:35:48,B0BZ1XYZP5,B0BZ1XYZP5
"STANLEY Quencher H2.0 FlowState Stainless Steel Vacuum Insulated Tumbler with Lid and Straw for Water, Iced Tea or Coffee (Amethyst, 40 oz)",$92.15,N/A,unknown,unknown,unknown,40,FlowState,https://www.amazon.ca/Quencher-FlowState-Stainless-Insulated-Tumbler/dp/B0CYXL73VQ/ref=sr_1_49?crid=WJZ2CGTM4SL&dib=eyJ2IjoiMSJ9.80GM8zHlmdS8T-rX_Nsv1r2lT-L3GYyeSUtk_N_wuDf4kvrSoFT1nf3vFLOGwcDeN-3cFqFVqY4umtpfSXzHJ3j-pgr1upzLGgUmfIktjA5m4uzQco4wWSkZcT7F5oseNBxgDXXlROFBJRrF8UCfMplcIsajQcFjzyxPIegwDHzEC1wUC3o61yk7ph-KRMF5SqDyertsK0nC4kdEb6P_-M50ATvdJSh8_bTZmUnfgDY.Yc5u9xbHuHwGtvlgxJUmM9StvY4ZNevPZas1SFBUfCw&dib_tag=se&keywords=40+oz&qid=1722915800&refinements=p_123%3A315576&rnid=119962390011&s=kitchen&sprefix=40+oz%2Caps%2C121&sr=1-49,2024-08-08,12:35:54,B0CYXL73VQ,B0CYXL73VQ
"Stanley Quencher H2.0 FlowState Stainless Steel Vacuum Insulated Tumbler with Lid and Straw for Water, Iced Tea or Coffee, Smoothie and More, Black Glow, 40 OZ / 1.18 L",$59.00,N/A,black,unknown,unknown,40,FlowState,https://www.amazon.ca/Stanley-Quencher-FlowState-Stainless-Insulated/dp/B0BQZD3ZCS/ref=sr_1_45?crid=WJZ2CGTM4SL&dib=eyJ2IjoiMSJ9.xMp5dHsq-xz50rt2bvQ77YS8W0x56ByYku4qEliENElx1h6ceU92ENHHWzhbmE1JZw75nKXtSF3KZR3DlHYazzj6vcEtTNi1AKtCeVUtDCmqu6AmyV1ua4i33-1yYTkXtWJB1zN4TUKC_UHd5kYHCZrAtsxR6pNCek2zWBL0_-6hFP-o0ZCbgnVgkS3kUtg_QncEQSs4jJyWmAKfutGk07132e7M5LVt4kXxqGvwvSk.SrtwqpRm_tzGH_y306yII3l-B50Ac6mNuszuvIS2_d8&dib_tag=se&keywords=40+oz&qid=1722915794&refinements=p_123%3A315576&rnid=119962390011&s=kitchen&sprefix=40+oz%2Caps%2C121&sr=1-45,2024-08-08,12:36:00,B0BQZD3ZCS,B0BQZD3ZCS
Stanley 40oz Stainless Steel H2.0 FlowState Quencher Tumbler Frost/Electric Yellow,$97.80,N/A,frost,unknown,unknown,40,FlowState,https://www.amazon.ca/Stanley-Stainless-FlowState-Quencher-Electric/dp/B0CLNKW8HL/ref=sr_1_46?crid=WJZ2CGTM4SL&dib=eyJ2IjoiMSJ9.xMp5dHsq-xz50rt2bvQ77YS8W0x56ByYku4qEliENElx1h6ceU92ENHHWzhbmE1JZw75nKXtSF3KZR3DlHYazzj6vcEtTNi1AKtCeVUtDCmqu6AmyV1ua4i33-1yYTkXtWJB1zN4TUKC_UHd5kYHCZrAtsxR6pNCek2zWBL0_-6hFP-o0ZCbgnVgkS3kUtg_QncEQSs4jJyWmAKfutGk07132e7M5LVt4kXxqGvwvSk.SrtwqpRm_tzGH_y306yII3l-B50Ac6mNuszuvIS2_d8&dib_tag=se&keywords=40+oz&qid=1722915794&refinements=p_123%3A315576&rnid=119962390011&s=kitchen&sprefix=40+oz%2Caps%2C121&sr=1-46,2024-08-08,12:36:06,B0CLNKW8HL,B0CLNKW8HL
Stanley Quencher H2.O FlowState™ Tumbler 40 OZ Nectarine,$113.54,N/A,unknown,unknown,unknown,40,FlowState,https://www.amazon.ca/Stanley-Quencher-FlowStateTM-Tumbler-Nectarine/dp/B0CV63QB3X/ref=sr_1_40?crid=WJZ2CGTM4SL&dib=eyJ2IjoiMSJ9.xMp5dHsq-xz50rt2bvQ77YS8W0x56ByYku4qEliENElx1h6ceU92ENHHWzhbmE1JZw75nKXtSF3KZR3DlHYazzj6vcEtTNi1AKtCeVUtDCmqu6AmyV1ua4i33-1yYTkXtWJB1zN4TUKC_UHd5kYHCZrAtsxR6pNCek2zWBL0_-6hFP-o0ZCbgnVgkS3kUtg_QncEQSs4jJyWmAKfutGk07132e7M5LVt4kXxqGvwvSk.SrtwqpRm_tzGH_y306yII3l-B50Ac6mNuszuvIS2_d8&dib_tag=se&keywords=40+oz&qid=1722915794&refinements=p_123%3A315576&rnid=119962390011&s=kitchen&sprefix=40+oz%2Caps%2C121&sr=1-40,2024-08-08,12:36:12,B0CV63QB3X,B0CV63QB3X
STANLEY Flowstate 40oz Quencher H2.0 Tumbler - POOL OMBRE Exclusive,$178.14,N/A,pool,unknown,unknown,40,FlowState,https://www.amazon.ca/STANLEY-Flowstate-40oz-Quencher-Tumbler/dp/B0BSG53X6B/ref=sr_1_118?crid=WJZ2CGTM4SL&dib=eyJ2IjoiMSJ9.H90UGNHKi05D3bKB2TxE0Ye34d6XtZ-kpWlCEx2oZiGQYwQI3pVz0EeJaHUxcEaWxZETWflWUUZLFCeO5f-u1hghHpXzRB93y10VDVoQiHuOmM_eh_cUN5WLpet4XgbnMof_t4pIx7CXENViGWW-Lg.ykTUG_GR6EigGGvTjaVXIx1r7GW61SM16GV6K0lJeLQ&dib_tag=se&keywords=40+oz&qid=1722915824&refinements=p_123%3A315576&rnid=119962390011&s=kitchen&sprefix=40+oz%2Caps%2C121&sr=1-118,2024-08-08,12:36:18,B0BSG53X6B,B0BSG53X6B
STANLEY Winterscape Quencher H2.0 FlowState™ Tumbler | 40 OZ,$84.15,N/A,unknown,unknown,unknown,40,FlowState,https://www.amazon.ca/STANLEY-Winterscape-Quencher-FlowStateTM-Tumbler/dp/B0CVS59GB1/ref=sr_1_105?crid=WJZ2CGTM4SL&dib=eyJ2IjoiMSJ9.00cCWaobOv_gROS4-T2UFBQ58ANBwD8d_D-0yb-sGW42Wz8jmzKRhOhs5UB5ZhCgX5vu8v0VMlTv5dxkm2uSq41EdXwu58od-4fNAC1NdMRDf25UctduI34vCRbGhbJw9A6OMub8Yo6oELXHv6nL5RsTSngdc2OqCy5d73HgmE29ty6NSqidcf1yk1cdVVgbgGpEIulZEn1hi_xzwvZMGw07rNN8_TUl-6s10YgCzik.u8iHLwxUnG3DF1B84o801j2hQKiATKGLD0qiEkMhh0U&dib_tag=se&keywords=40+oz&qid=1722915818&refinements=p_123%3A315576&rnid=119962390011&s=kitchen&sprefix=40+oz%2Caps%2C121&sr=1-105,2024-08-08,12:36:24,B0CVS59GB1,B0CVS59GB1
"Stanley Quencher H2.0 FlowState Stainless Steel Vacuum Insulated Tumbler with Lid and Straw for Water, Iced Tea or Coffee, Smoothie and More, Jade, 40 OZ / 1.18 L",$59.00,N/A,unknown,unknown,unknown,40,FlowState,https://www.amazon.ca/Stanley-Quencher-FlowState-Stainless-Insulated/dp/B0BQZDKFFF/ref=sr_1_17?crid=WJZ2CGTM4SL&dib=eyJ2IjoiMSJ9.EaB-OzPu3ZXdT5AD4IoiHekSC3X0gj_Nq-MBVAPFeQrd4M4utjAyv1affcL542wblS3-nszesfkgjMgifYDeHsqHgM8kjn8ErEVlqlRCuxU4At4zLTfv1AeranJ6O76Ohuk2yILrRoXmVMg6kRnQTFtpSnhVLeeHnmSrG3iIml_ziWvIGiOCJOLG2gaIDt_8h9rzf8otGkU9FIJZeTvvTtZWhiaHJYfQo_anlf5nGYg.sf2INfUGRi9sGnf93XVgPQohZmFUCHx3dtHRV4t95zI&dib_tag=se&keywords=40+oz&qid=1722915788&refinements=p_123%3A315576&rnid=119962390011&s=kitchen&sprefix=40+oz%2Caps%2C121&sr=1-17,2024-08-08,12:36:29,B0BQZDKFFF,B0BQZDKFFF
Stanley Quencher H2.0 FlowState 40 oz Tumbler - Rosewood Glow,$118.14,N/A,unknown,unknown,unknown,40,FlowState,https://www.amazon.ca/Stanley-Quencher-FlowState-40-Tumbler/dp/B0CNJFF34K/ref=sr_1_12?crid=WJZ2CGTM4SL&dib=eyJ2IjoiMSJ9.s5yvEujjUNmN94VcUx6nFEwPM2JANMNpWOCOdvmrzzj1wkaPr_rEyUjmkhTx7cKUrtOctByGe80S3QWW0DxhJUDuXyD837W6glKLGinQZ5OQqXBnYh0ISGrVSZ1073QgVmPXIhQnZuj77Lzt2RaUuVs6Nzh9uXluIZNDNnOsfgwlVMTU2r0U2QSJn9Bh2f2hWCHTPVtl6Vu-vx06pW8_CTQipo2K1ogkjnYPGas0M2w.eiZVlvMZdW7X61ibpI1fAbzDU7VDT7MkiJZa7hjm4gg&dib_tag=se&keywords=40+oz&qid=1722915781&refinements=p_123%3A315576&rnid=119962390011&s=kitchen&sprefix=40+oz%2Caps%2C121&sr=1-12,2024-08-08,12:36:35,B0CNJFF34K,B0CNJFF34K
"Stanley Quencher H2.0 FlowState Stainless Steel Vacuum Insulated Tumbler with Lid and Straw for Water, Iced Tea or Coffee, Smoothie and More, Stainless Steel Shale, 40 OZ / 1.18 L",$59.00,N/A,unknown,unknown,unknown,40,FlowState,https://www.amazon.ca/Stanley-Quencher-FlowState-Stainless-Insulated/dp/B0BQZC46PC/ref=sr_1_68?crid=WJZ2CGTM4SL&dib=eyJ2IjoiMSJ9.32137uIvhwbnEgWk0dMNjWdV3tEHfAemxFjZCnbnZ3xgVyXg007l6HlqDHxRQUTzbt6U4avJqWWTKVHYKL0AgbbF15eeZ_WiHTkyeiGGx6bdy3fHnyor64LM8CLD206gkv12XkWtYNhiBUaBbNVOxcENUIpVC-6GghXblAlcs-MMCWgKrjfOlGqJ4Lj0Ju4zXukgTohkXNUa3MK7bSudYKg9a3lnWe5O4uHIfvazv3c.hnSJV2QpezQpnOGaZU2s_8bhTfLUI1gqH5zp-BOfmt0&dib_tag=se&keywords=40+oz&qid=1722915806&refinements=p_123%3A315576&rnid=119962390011&s=kitchen&sprefix=40+oz%2Caps%2C121&sr=1-68,2024-08-08,12:36:41,B0BQZC46PC,B0BQZC46PC
"Stanley Quencher H2.0 FlowState Stainless Steel Vacuum Insulated Tumbler with Lid and Straw for Water, Iced Tea or Coffee, Smoothie and More, Neon Yellow, 40 OZ",$116.13,N/A,unknown,unknown,unknown,40,FlowState,https://www.amazon.ca/Stanley-Quencher-FlowState-Stainless-Insulated/dp/B0CV63X2FB/ref=sr_1_77?crid=WJZ2CGTM4SL&dib=eyJ2IjoiMSJ9.32137uIvhwbnEgWk0dMNjWdV3tEHfAemxFjZCnbnZ3xgVyXg007l6HlqDHxRQUTzbt6U4avJqWWTKVHYKL0AgbbF15eeZ_WiHTkyeiGGx6bdy3fHnyor64LM8CLD206gkv12XkWtYNhiBUaBbNVOxcENUIpVC-6GghXblAlcs-MMCWgKrjfOlGqJ4Lj0Ju4zXukgTohkXNUa3MK7bSudYKg9a3lnWe5O4uHIfvazv3c.hnSJV2QpezQpnOGaZU2s_8bhTfLUI1gqH5zp-BOfmt0&dib_tag=se&keywords=40+oz&qid=1722915806&refinements=p_123%3A315576&rnid=119962390011&s=kitchen&sprefix=40+oz%2Caps%2C121&sr=1-77,2024-08-08,12:36:47,B0CV63X2FB,B0CV63X2FB
Stanley Quencher H2.O FlowState™ Tumbler 40 OZ Tropical Teal,$114.28,N/A,unknown,unknown,unknown,40,FlowState,https://www.amazon.ca/Stanley-Quencher-FlowStateTM-Tumbler-Tropical/dp/B0D2ZBCYLL/ref=sr_1_54?crid=WJZ2CGTM4SL&dib=eyJ2IjoiMSJ9.80GM8zHlmdS8T-rX_Nsv1r2lT-L3GYyeSUtk_N_wuDf4kvrSoFT1nf3vFLOGwcDeN-3cFqFVqY4umtpfSXzHJ3j-pgr1upzLGgUmfIktjA5m4uzQco4wWSkZcT7F5oseNBxgDXXlROFBJRrF8UCfMplcIsajQcFjzyxPIegwDHzEC1wUC3o61yk7ph-KRMF5SqDyertsK0nC4kdEb6P_-M50ATvdJSh8_bTZmUnfgDY.Yc5u9xbHuHwGtvlgxJUmM9StvY4ZNevPZas1SFBUfCw&dib_tag=se&keywords=40+oz&qid=1722915800&refinements=p_123%3A315576&rnid=119962390011&s=kitchen&sprefix=40+oz%2Caps%2C121&sr=1-54,2024-08-08,12:36:53,B0D2ZBCYLL,B0D2ZBCYLL
"Stanley IceFlow Stainless Steel Tumbler - Vacuum Insulated Water Bottle for Home, and Car Reusable Cup with Straw Leak Resistant Flip Cold for 12 Hours or Iced for 2 Days, Rose Quartz, 30 OZ / 0.89 L",$46.00,rose quartz,rose quartz,unknown,unknown,30,unknown,https://www.amazon.ca/Stanley-IceFlow-Stainless-Steel-Tumbler/dp/B0BNYR7MQV/ref=sr_1_21?crid=WJZ2CGTM4SL&dib=eyJ2IjoiMSJ9.EaB-OzPu3ZXdT5AD4IoiHekSC3X0gj_Nq-MBVAPFeQrd4M4utjAyv1affcL542wblS3-nszesfkgjMgifYDeHsqHgM8kjn8ErEVlqlRCuxU4At4zLTfv1AeranJ6O76Ohuk2yILrRoXmVMg6kRnQTFtpSnhVLeeHnmSrG3iIml_ziWvIGiOCJOLG2gaIDt_8h9rzf8otGkU9FIJZeTvvTtZWhiaHJYfQo_anlf5nGYg.sf2INfUGRi9sGnf93XVgPQohZmFUCHx3dtHRV4t95zI&dib_tag=se&keywords=40+oz&qid=1722915788&refinements=p_123%3A315576&rnid=119962390011&s=kitchen&sprefix=40+oz%2Caps%2C121&sr=1-21,2024-08-08,12:37:00,B0BNYR7MQV,B0BNYR7MQV
Stanley Quencher H2.O FlowState™ Tumbler 40 oz Blush Gloss Deco,$65.00,N/A,unknown,unknown,unknown,40,FlowState,https://www.amazon.ca/Stanley-Quencher-FlowStateTM-Tumbler-Blush/dp/B0CN1PGY2N/ref=sr_1_34?crid=WJZ2CGTM4SL&dib=eyJ2IjoiMSJ9.xMp5dHsq-xz50rt2bvQ77YS8W0x56ByYku4qEliENElx1h6ceU92ENHHWzhbmE1JZw75nKXtSF3KZR3DlHYazzj6vcEtTNi1AKtCeVUtDCmqu6AmyV1ua4i33-1yYTkXtWJB1zN4TUKC_UHd5kYHCZrAtsxR6pNCek2zWBL0_-6hFP-o0ZCbgnVgkS3kUtg_QncEQSs4jJyWmAKfutGk07132e7M5LVt4kXxqGvwvSk.SrtwqpRm_tzGH_y306yII3l-B50Ac6mNuszuvIS2_d8&dib_tag=se&keywords=40+oz&qid=1722915794&refinements=p_123%3A315576&rnid=119962390011&s=kitchen&sprefix=40+oz%2Caps%2C121&sr=1-34,2024-08-08,12:37:06,B0CN1PGY2N,B0CN1PGY2N
"Stanley Quencher H2.0 FlowState Stainless Steel Vacuum Insulated Tumbler with Lid and Straw for Water, Iced Tea or Coffee, Smoothie and More, Black Reverb, 40oz",$59.00,N/A,black,unknown,unknown,40,FlowState,https://www.amazon.ca/Stanley-Quencher-FlowState-Stainless-Insulated/dp/B0CX6Z5LRD/ref=sr_1_80?crid=WJZ2CGTM4SL&dib=eyJ2IjoiMSJ9.32137uIvhwbnEgWk0dMNjWdV3tEHfAemxFjZCnbnZ3xgVyXg007l6HlqDHxRQUTzbt6U4avJqWWTKVHYKL0AgbbF15eeZ_WiHTkyeiGGx6bdy3fHnyor64LM8CLD206gkv12XkWtYNhiBUaBbNVOxcENUIpVC-6GghXblAlcs-MMCWgKrjfOlGqJ4Lj0Ju4zXukgTohkXNUa3MK7bSudYKg9a3lnWe5O4uHIfvazv3c.hnSJV2QpezQpnOGaZU2s_8bhTfLUI1gqH5zp-BOfmt0&dib_tag=se&keywords=40+oz&qid=1722915806&refinements=p_123%3A315576&rnid=119962390011&s=kitchen&sprefix=40+oz%2Caps%2C121&sr=1-80,2024-08-08,12:37:12,B0CX6Z5LRD,B0CX6Z5LRD
Stanley Quencher H2.0 FlowState Tumbler 40oz (Rose Quartz Glow),$100.99,N/A,rose quartz,unknown,unknown,40,FlowState,https://www.amazon.ca/Stanley-Quencher-H2-0-FlowState-Tumbler/dp/B0BTZCS85J/ref=sr_1_61?crid=WJZ2CGTM4SL&dib=eyJ2IjoiMSJ9.80GM8zHlmdS8T-rX_Nsv1r2lT-L3GYyeSUtk_N_wuDf4kvrSoFT1nf3vFLOGwcDeN-3cFqFVqY4umtpfSXzHJ3j-pgr1upzLGgUmfIktjA5m4uzQco4wWSkZcT7F5oseNBxgDXXlROFBJRrF8UCfMplcIsajQcFjzyxPIegwDHzEC1wUC3o61yk7ph-KRMF5SqDyertsK0nC4kdEb6P_-M50ATvdJSh8_bTZmUnfgDY.Yc5u9xbHuHwGtvlgxJUmM9StvY4ZNevPZas1SFBUfCw&dib_tag=se&keywords=40+oz&qid=1722915800&refinements=p_123%3A315576&rnid=119962390011&s=kitchen&sprefix=40+oz%2Caps%2C121&sr=1-61,2024-08-08,12:37:18,B0BTZCS85J,B0BTZCS85J
Stanley 40 oz Stainless Steel H2.0 Flowstate Quencher Tumbler - Hearth & Hand™ with Magnolia Silver Foil,$88.14,N/A,unknown,unknown,unknown,40,FlowState,https://www.amazon.ca/Stanley-Stainless-Flowstate-Quencher-Tumbler/dp/B0CQWNY69Z/ref=sr_1_75?crid=WJZ2CGTM4SL&dib=eyJ2IjoiMSJ9.32137uIvhwbnEgWk0dMNjWdV3tEHfAemxFjZCnbnZ3xgVyXg007l6HlqDHxRQUTzbt6U4avJqWWTKVHYKL0AgbbF15eeZ_WiHTkyeiGGx6bdy3fHnyor64LM8CLD206gkv12XkWtYNhiBUaBbNVOxcENUIpVC-6GghXblAlcs-MMCWgKrjfOlGqJ4Lj0Ju4zXukgTohkXNUa3MK7bSudYKg9a3lnWe5O4uHIfvazv3c.hnSJV2QpezQpnOGaZU2s_8bhTfLUI1gqH5zp-BOfmt0&dib_tag=se&keywords=40+oz&qid=1722915806&refinements=p_123%3A315576&rnid=119962390011&s=kitchen&sprefix=40+oz%2Caps%2C121&sr=1-75,2024-08-08,12:37:24,B0CQWNY69Z,B0CQWNY69Z
STANLEY Quencher H2.O FlowState™ Tumbler 40 OZ Vivid Violet,$114.28,N/A,unknown,unknown,unknown,40,FlowState,https://www.amazon.ca/STANLEY-Quencher-FlowStateTM-Tumbler-Violet/dp/B0D2Z2R3KX/ref=sr_1_79?crid=WJZ2CGTM4SL&dib=eyJ2IjoiMSJ9.32137uIvhwbnEgWk0dMNjWdV3tEHfAemxFjZCnbnZ3xgVyXg007l6HlqDHxRQUTzbt6U4avJqWWTKVHYKL0AgbbF15eeZ_WiHTkyeiGGx6bdy3fHnyor64LM8CLD206gkv12XkWtYNhiBUaBbNVOxcENUIpVC-6GghXblAlcs-MMCWgKrjfOlGqJ4Lj0Ju4zXukgTohkXNUa3MK7bSudYKg9a3lnWe5O4uHIfvazv3c.hnSJV2QpezQpnOGaZU2s_8bhTfLUI1gqH5zp-BOfmt0&dib_tag=se&keywords=40+oz&qid=1722915806&refinements=p_123%3A315576&rnid=119962390011&s=kitchen&sprefix=40+oz%2Caps%2C121&sr=1-79,2024-08-08,12:37:29,B0D2Z2R3KX,B0D2Z2R3KX
STANLEY Adventure Quencher H2.0 Flowstate 40 oz Tumbler - Maple Glow,$96.24,N/A,unknown,unknown,unknown,40,FlowState,https://www.amazon.ca/Stanley-Adventure-Quencher-Flowstate-40/dp/B0CD23BJFS/ref=sr_1_16?crid=WJZ2CGTM4SL&dib=eyJ2IjoiMSJ9.s5yvEujjUNmN94VcUx6nFEwPM2JANMNpWOCOdvmrzzj1wkaPr_rEyUjmkhTx7cKUrtOctByGe80S3QWW0DxhJUDuXyD837W6glKLGinQZ5OQqXBnYh0ISGrVSZ1073QgVmPXIhQnZuj77Lzt2RaUuVs6Nzh9uXluIZNDNnOsfgwlVMTU2r0U2QSJn9Bh2f2hWCHTPVtl6Vu-vx06pW8_CTQipo2K1ogkjnYPGas0M2w.eiZVlvMZdW7X61ibpI1fAbzDU7VDT7MkiJZa7hjm4gg&dib_tag=se&keywords=40+oz&qid=1722915781&refinements=p_123%3A315576&rnid=119962390011&s=kitchen&sprefix=40+oz%2Caps%2C121&sr=1-16,2024-08-08,12:37:36,B0CD23BJFS,B0CD23BJFS
"Stanley IceFlow Stainless Steel Tumbler - Vacuum Insulated Water Bottle for Home, Office or Car Reusable Cup with Straw Leak Resistant Flip Cold for 12 Hours or Iced for 2 Days, Lilac, 40OZ",$46.00,N/A,lilac,unknown,unknown,40,unknown,https://www.amazon.ca/Stanley-IceFlow-Stainless-Steel-Tumbler/dp/B0CT4BJ4Q1/ref=sr_1_73?crid=WJZ2CGTM4SL&dib=eyJ2IjoiMSJ9.32137uIvhwbnEgWk0dMNjWdV3tEHfAemxFjZCnbnZ3xgVyXg007l6HlqDHxRQUTzbt6U4avJqWWTKVHYKL0AgbbF15eeZ_WiHTkyeiGGx6bdy3fHnyor64LM8CLD206gkv12XkWtYNhiBUaBbNVOxcENUIpVC-6GghXblAlcs-MMCWgKrjfOlGqJ4Lj0Ju4zXukgTohkXNUa3MK7bSudYKg9a3lnWe5O4uHIfvazv3c.hnSJV2QpezQpnOGaZU2s_8bhTfLUI1gqH5zp-BOfmt0&dib_tag=se&keywords=40+oz&qid=1722915806&refinements=p_123%3A315576&rnid=119962390011&s=kitchen&sprefix=40+oz%2Caps%2C121&sr=1-73,2024-08-08,12:37:41,B0CT4BJ4Q1,B0CT4BJ4Q1
Stanley Adventure 40oz Stainless Steel Quencher Tumbler-Wisteria 10-10824-063,$140.54,N/A,unknown,unknown,unknown,40,unknown,https://www.amazon.ca/Stanley-Adventure-Stainless-Tumbler-Wisteria-10-10824-063/dp/B0BXFBJ35S/ref=sr_1_66?crid=WJZ2CGTM4SL&dib=eyJ2IjoiMSJ9.32137uIvhwbnEgWk0dMNjWdV3tEHfAemxFjZCnbnZ3xgVyXg007l6HlqDHxRQUTzbt6U4avJqWWTKVHYKL0AgbbF15eeZ_WiHTkyeiGGx6bdy3fHnyor64LM8CLD206gkv12XkWtYNhiBUaBbNVOxcENUIpVC-6GghXblAlcs-MMCWgKrjfOlGqJ4Lj0Ju4zXukgTohkXNUa3MK7bSudYKg9a3lnWe5O4uHIfvazv3c.hnSJV2QpezQpnOGaZU2s_8bhTfLUI1gqH5zp-BOfmt0&dib_tag=se&keywords=40+oz&qid=1722915806&refinements=p_123%3A315576&rnid=119962390011&s=kitchen&sprefix=40+oz%2Caps%2C121&sr=1-66,2024-08-08,12:37:48,B0BXFBJ35S,B0BXFBJ35S
STANLEY Quencher H2.0 FlowState Tumbler 40oz (Eucalyptus),$86.74,N/A,eucalyptus,unknown,unknown,40,FlowState,https://www.amazon.ca/Stanley-Quencher-FlowState-Tumbler-Eucalyptus/dp/B0BD76CTHT/ref=sr_1_24?crid=WJZ2CGTM4SL&dib=eyJ2IjoiMSJ9.EaB-OzPu3ZXdT5AD4IoiHekSC3X0gj_Nq-MBVAPFeQrd4M4utjAyv1affcL542wblS3-nszesfkgjMgifYDeHsqHgM8kjn8ErEVlqlRCuxU4At4zLTfv1AeranJ6O76Ohuk2yILrRoXmVMg6kRnQTFtpSnhVLeeHnmSrG3iIml_ziWvIGiOCJOLG2gaIDt_8h9rzf8otGkU9FIJZeTvvTtZWhiaHJYfQo_anlf5nGYg.sf2INfUGRi9sGnf93XVgPQohZmFUCHx3dtHRV4t95zI&dib_tag=se&keywords=40+oz&qid=1722915788&refinements=p_123%3A315576&rnid=119962390011&s=kitchen&sprefix=40+oz%2Caps%2C121&sr=1-24,2024-08-08,12:37:53,B0BD76CTHT,B0BD76CTHT
"Stanley Quencher H2.0 FlowState Stainless Steel Vacuum Insulated Tumbler with Lid and Straw for Water, Iced Tea or Coffee, Smoothie and More, Cream, 40 OZ / 1.18 L",$59.00,cream,cream,unknown,unknown,40,FlowState,https://www.amazon.ca/Stanley-Quencher-FlowState-Stainless-Insulated/dp/B0BQZBPS4G/ref=sr_1_1?crid=WJZ2CGTM4SL&dib=eyJ2IjoiMSJ9.s5yvEujjUNmN94VcUx6nFEwPM2JANMNpWOCOdvmrzzj1wkaPr_rEyUjmkhTx7cKUrtOctByGe80S3QWW0DxhJUDuXyD837W6glKLGinQZ5OQqXBnYh0ISGrVSZ1073QgVmPXIhQnZuj77Lzt2RaUuVs6Nzh9uXluIZNDNnOsfgwlVMTU2r0U2QSJn9Bh2f2hWCHTPVtl6Vu-vx06pW8_CTQipo2K1ogkjnYPGas0M2w.eiZVlvMZdW7X61ibpI1fAbzDU7VDT7MkiJZa7hjm4gg&dib_tag=se&keywords=40+oz&qid=1722915781&refinements=p_123%3A315576&rnid=119962390011&s=kitchen&sprefix=40+oz%2Caps%2C121&sr=1-1,2024-08-08,12:38:01,B0BQZBPS4G,B0BQZBPS4G
Stanley 40 oz. Adventure Quencher Tumbler (White),$91.22,N/A,unknown,unknown,unknown,40,unknown,https://www.amazon.ca/Stanley-Adventure-Quencher-Tumbler-White/dp/B0BNX1SMT2/ref=sr_1_9?crid=WJZ2CGTM4SL&dib=eyJ2IjoiMSJ9.s5yvEujjUNmN94VcUx6nFEwPM2JANMNpWOCOdvmrzzj1wkaPr_rEyUjmkhTx7cKUrtOctByGe80S3QWW0DxhJUDuXyD837W6glKLGinQZ5OQqXBnYh0ISGrVSZ1073QgVmPXIhQnZuj77Lzt2RaUuVs6Nzh9uXluIZNDNnOsfgwlVMTU2r0U2QSJn9Bh2f2hWCHTPVtl6Vu-vx06pW8_CTQipo2K1ogkjnYPGas0M2w.eiZVlvMZdW7X61ibpI1fAbzDU7VDT7MkiJZa7hjm4gg&dib_tag=se&keywords=40+oz&qid=1722915781&refinements=p_123%3A315576&rnid=119962390011&s=kitchen&sprefix=40+oz%2Caps%2C121&sr=1-9,2024-08-08,12:38:06,B0BNX1SMT2,B0BNX1SMT2
STANLEY 40 oz Stainless Steel H2.0 Flowstate Quencher Tumbler (Shale),$72.83,N/A,unknown,unknown,unknown,40,FlowState,https://www.amazon.ca/STANLEY-Stainless-Flowstate-Quencher-Tumbler/dp/B0CQLJ4XFD/ref=sr_1_63?crid=WJZ2CGTM4SL&dib=eyJ2IjoiMSJ9.80GM8zHlmdS8T-rX_Nsv1r2lT-L3GYyeSUtk_N_wuDf4kvrSoFT1nf3vFLOGwcDeN-3cFqFVqY4umtpfSXzHJ3j-pgr1upzLGgUmfIktjA5m4uzQco4wWSkZcT7F5oseNBxgDXXlROFBJRrF8UCfMplcIsajQcFjzyxPIegwDHzEC1wUC3o61yk7ph-KRMF5SqDyertsK0nC4kdEb6P_-M50ATvdJSh8_bTZmUnfgDY.Yc5u9xbHuHwGtvlgxJUmM9StvY4ZNevPZas1SFBUfCw&dib_tag=se&keywords=40+oz&qid=1722915800&refinements=p_123%3A315576&rnid=119962390011&s=kitchen&sprefix=40+oz%2Caps%2C121&sr=1-63,2024-08-08,12:38:12,B0CQLJ4XFD,B0CQLJ4XFD
"The Clean Slate Quencher H2.0 FlowState™ Tumbler | 40 OZ - Stanley Create, Bloom",$120.80,N/A,unknown,unknown,unknown,40,FlowState,https://www.amazon.ca/Clean-Slate-Quencher-FlowStateTM-Tumbler/dp/B0CVS41R8P/ref=sr_1_84?crid=WJZ2CGTM4SL&dib=eyJ2IjoiMSJ9.EKZqp7aiAzZndLw3gjDEhl-zE2-hB1PCNSAxq2Ouh549eHFkeYwdntMXo_1dLLM5tkExEIxZWCFBK4PrQSHb6Lmk649uCylgPCyikJ72ShDMAw6Oef1N_RJ7bxWeV_3_vm1bcZNUPNmsGIQJbAlahZmWNuC2mG8Re_eOOQcWi7CKWBund0e9AjOM2fk1UwBWtlZM91evgEBdPvv48vV2SlHKvjpvc9430ROSNy3ffts.kfm5GsMwvAPDj1bIrbIFgpnS-WsrOUEqY_fJ-bVCdGo&dib_tag=se&keywords=40+oz&qid=1722915812&refinements=p_123%3A315576&rnid=119962390011&s=kitchen&sprefix=40+oz%2Caps%2C121&sr=1-84,2024-08-08,12:38:17,B0CVS41R8P,B0CVS41R8P
STANLEY 40 oz Stainless Steel H2.0 Flowstate Quencher Tumbler (Melon),$95.38,N/A,unknown,unknown,unknown,40,FlowState,https://www.amazon.ca/STANLEY-Stainless-Flowstate-Quencher-Tumbler/dp/B0CQYDB4GL/ref=sr_1_23?crid=WJZ2CGTM4SL&dib=eyJ2IjoiMSJ9.EaB-OzPu3ZXdT5AD4IoiHekSC3X0gj_Nq-MBVAPFeQrd4M4utjAyv1affcL542wblS3-nszesfkgjMgifYDeHsqHgM8kjn8ErEVlqlRCuxU4At4zLTfv1AeranJ6O76Ohuk2yILrRoXmVMg6kRnQTFtpSnhVLeeHnmSrG3iIml_ziWvIGiOCJOLG2gaIDt_8h9rzf8otGkU9FIJZeTvvTtZWhiaHJYfQo_anlf5nGYg.sf2INfUGRi9sGnf93XVgPQohZmFUCHx3dtHRV4t95zI&dib_tag=se&keywords=40+oz&qid=1722915788&refinements=p_123%3A315576&rnid=119962390011&s=kitchen&sprefix=40+oz%2Caps%2C121&sr=1-23,2024-08-08,12:38:23,B0CQYDB4GL,B0CQYDB4GL
"Stanley Quencher H2.0 FlowState Stainless Steel Vacuum Insulated Tumbler with Lid and Straw for Water, Iced Tea or Coffee, Smoothie and More, 40oz - Deep Iris Speckle",$109.98,N/A,iris,unknown,unknown,40,FlowState,https://www.amazon.ca/Stanley-Quencher-FlowState-Stainless-Insulated/dp/B0C9PDP1L3/ref=sr_1_26?crid=WJZ2CGTM4SL&dib=eyJ2IjoiMSJ9.EaB-OzPu3ZXdT5AD4IoiHekSC3X0gj_Nq-MBVAPFeQrd4M4utjAyv1affcL542wblS3-nszesfkgjMgifYDeHsqHgM8kjn8ErEVlqlRCuxU4At4zLTfv1AeranJ6O76Ohuk2yILrRoXmVMg6kRnQTFtpSnhVLeeHnmSrG3iIml_ziWvIGiOCJOLG2gaIDt_8h9rzf8otGkU9FIJZeTvvTtZWhiaHJYfQo_anlf5nGYg.sf2INfUGRi9sGnf93XVgPQohZmFUCHx3dtHRV4t95zI&dib_tag=se&keywords=40+oz&qid=1722915788&refinements=p_123%3A315576&rnid=119962390011&s=kitchen&sprefix=40+oz%2Caps%2C121&sr=1-26,2024-08-08,12:38:29,B0C9PDP1L3,B0C9PDP1L3
Stanley Quencher H2.O FlowState™ Tumbler (Box) 30 OZ Matcha Cream,$87.99,N/A,cream,unknown,unknown,30,FlowState,https://www.amazon.ca/Stanley-Quencher-FlowStateTM-Tumbler-Matcha/dp/B0CX76WC1M/ref=sr_1_99?crid=WJZ2CGTM4SL&dib=eyJ2IjoiMSJ9.00cCWaobOv_gROS4-T2UFBQ58ANBwD8d_D-0yb-sGW42Wz8jmzKRhOhs5UB5ZhCgX5vu8v0VMlTv5dxkm2uSq41EdXwu58od-4fNAC1NdMRDf25UctduI34vCRbGhbJw9A6OMub8Yo6oELXHv6nL5RsTSngdc2OqCy5d73HgmE29ty6NSqidcf1yk1cdVVgbgGpEIulZEn1hi_xzwvZMGw07rNN8_TUl-6s10YgCzik.u8iHLwxUnG3DF1B84o801j2hQKiATKGLD0qiEkMhh0U&dib_tag=se&keywords=40+oz&qid=1722915818&refinements=p_123%3A315576&rnid=119962390011&s=kitchen&sprefix=40+oz%2Caps%2C121&sr=1-99,2024-08-08,12:38:34,B0CX76WC1M,B0CX76WC1M
"STANLEY Quencher H2.0 FlowState Stainless Steel Vacuum Insulated Tumbler with Lid and Straw for Water, Iced Tea or Coffee (Grey Rock, 40 oz)",$127.69,unknown,unknown,unknown,unknown,40,FlowState,https://www.amazon.ca/Quencher-FlowState-Stainless-Insulated-Tumbler/dp/B0D5TWG58L/ref=sr_1_32?crid=WJZ2CGTM4SL&dib=eyJ2IjoiMSJ9.EaB-OzPu3ZXdT5AD4IoiHekSC3X0gj_Nq-MBVAPFeQrd4M4utjAyv1affcL542wblS3-nszesfkgjMgifYDeHsqHgM8kjn8ErEVlqlRCuxU4At4zLTfv1AeranJ6O76Ohuk2yILrRoXmVMg6kRnQTFtpSnhVLeeHnmSrG3iIml_ziWvIGiOCJOLG2gaIDt_8h9rzf8otGkU9FIJZeTvvTtZWhiaHJYfQo_anlf5nGYg.sf2INfUGRi9sGnf93XVgPQohZmFUCHx3dtHRV4t95zI&dib_tag=se&keywords=40+oz&qid=1722915788&refinements=p_123%3A315576&rnid=119962390011&s=kitchen&sprefix=40+oz%2Caps%2C121&sr=1-32,2024-08-08,12:38:40,B0D5TWG58L,B0D5TWG58L
Stanley Quencher H2.O FlowState™ Tumbler (Box) 14 OZ Matcha Cream,$26.00,N/A,cream,unknown,unknown,14,FlowState,https://www.amazon.ca/Stanley-Quencher-FlowStateTM-Tumbler-Matcha/dp/B0CX77PNG1/ref=sr_1_112?crid=WJZ2CGTM4SL&dib=eyJ2IjoiMSJ9.00cCWaobOv_gROS4-T2UFBQ58ANBwD8d_D-0yb-sGW42Wz8jmzKRhOhs5UB5ZhCgX5vu8v0VMlTv5dxkm2uSq41EdXwu58od-4fNAC1NdMRDf25UctduI34vCRbGhbJw9A6OMub8Yo6oELXHv6nL5RsTSngdc2OqCy5d73HgmE29ty6NSqidcf1yk1cdVVgbgGpEIulZEn1hi_xzwvZMGw07rNN8_TUl-6s10YgCzik.u8iHLwxUnG3DF1B84o801j2hQKiATKGLD0qiEkMhh0U&dib_tag=se&keywords=40+oz&qid=1722915818&refinements=p_123%3A315576&rnid=119962390011&s=kitchen&sprefix=40+oz%2Caps%2C121&sr=1-112,2024-08-08,12:38:46,B0CX77PNG1,B0CX77PNG1
